SETTLEMENT DATE,CUSIP,SYMBOL,QUANTITY (FAILS),DESCRIPTION,PRICE
20190103,36467W109,GME,672.0,GAMESTOP CORP (HLDG CO) CL A,13.07
20190104,36467W109,GME,9626.0,GAMESTOP CORP (HLDG CO) CL A,12.97
20190108,36467W109,GME,58131.0,GAMESTOP CORP (HLDG CO) CL A,15.48
20190109,36467W109,GME,124.0,GAMESTOP CORP (HLDG CO) CL A,15.81
20190110,36467W109,GME,2143.0,GAMESTOP CORP (HLDG CO) CL A,15.98
20190111,36467W109,GME,6835.0,GAMESTOP CORP (HLDG CO) CL A,15.96
20190115,36467W109,GME,159.0,GAMESTOP CORP (HLDG CO) CL A,15.64
20190118,36467W109,GME,9787.0,GAMESTOP CORP (HLDG CO) CL A,15.77
20190123,36467W109,GME,900.0,GAMESTOP CORP (HLDG CO) CL A,15.27
20190128,36467W109,GME,165.0,GAMESTOP CORP (HLDG CO) CL A,15.90
20190129,36467W109,GME,4865.0,GAMESTOP CORP (HLDG CO) CL A,15.50
20190131,36467W109,GME,504056.0,GAMESTOP CORP (HLDG CO) CL A,11.20
20190204,36467W109,GME,12748.0,GAMESTOP CORP (HLDG CO) CL A,11.24
20190205,36467W109,GME,161459.0,GAMESTOP CORP (HLDG CO) CL A,11.37
20190212,36467W109,GME,296.0,GAMESTOP CORP (HLDG CO) CL A,11.30
20190214,36467W109,GME,3983.0,GAMESTOP CORP (HLDG CO) CL A,11.47
20190215,36467W109,GME,3700.0,GAMESTOP CORP (HLDG CO) CL A,11.33
20190219,36467W109,GME,89.0,GAMESTOP CORP (HLDG CO) CL A,11.43
20190220,36467W109,GME,2172.0,GAMESTOP CORP (HLDG CO) CL A,11.20
20190221,36467W109,GME,23112.0,GAMESTOP CORP (HLDG CO) CL A,11.20
20190222,36467W109,GME,781.0,GAMESTOP CORP (HLDG CO) CL A,11.03
20190225,36467W109,GME,3832.0,GAMESTOP CORP (HLDG CO) CL A,11.37
20190226,36467W109,GME,68863.0,GAMESTOP CORP (HLDG CO) CL A,11.55
20190227,36467W109,GME,2900.0,GAMESTOP CORP (HLDG CO) CL A,11.64
20190301,36467W109,GME,988.0,GAMESTOP CORP (HLDG CO) CL A,11.70
20190304,36467W109,GME,1847.0,GAMESTOP CORP (HLDG CO) CL A,11.75
20190305,36467W109,GME,38610.0,GAMESTOP CORP (HLDG CO) CL A,11.57
20190306,36467W109,GME,103208.0,GAMESTOP CORP (HLDG CO) CL A,11.60
20190307,36467W109,GME,102123.0,GAMESTOP CORP (HLDG CO) CL A,11.56
20190311,36467W109,GME,2654.0,GAMESTOP CORP (HLDG CO) CL A,10.97
20190312,36467W109,GME,295783.0,GAMESTOP CORP (HLDG CO) CL A,11.26
20190313,36467W109,GME,112012.0,GAMESTOP CORP (HLDG CO) CL A,11.47
20190314,36467W109,GME,1587.0,GAMESTOP CORP (HLDG CO) CL A,11.58
20190315,36467W109,GME,15069.0,GAMESTOP CORP (HLDG CO) CL A,10.95
20190318,36467W109,GME,92504.0,GAMESTOP CORP (HLDG CO) CL A,11.06
20190319,36467W109,GME,2468.0,GAMESTOP CORP (HLDG CO) CL A,11.07
20190320,36467W109,GME,19085.0,GAMESTOP CORP (HLDG CO) CL A,10.96
20190322,36467W109,GME,32187.0,GAMESTOP CORP (HLDG CO) CL A,10.55
20190325,36467W109,GME,415.0,GAMESTOP CORP (HLDG CO) CL A,10.45
20190327,36467W109,GME,70988.0,GAMESTOP CORP (HLDG CO) CL A,10.35
20190329,36467W109,GME,496.0,GAMESTOP CORP (HLDG CO) CL A,10.19
20190401,36467W109,GME,41.0,GAMESTOP CORP (HLDG CO) CL A,10.16
20190402,36467W109,GME,30551.0,GAMESTOP CORP (HLDG CO) CL A,10.37
20190403,36467W109,GME,109398.0,GAMESTOP CORP (HLDG CO) CL A,10.10
20190405,36467W109,GME,64270.0,GAMESTOP CORP (HLDG CO) CL A,10.03
20190408,36467W109,GME,784.0,GAMESTOP CORP (HLDG CO) CL A,9.86
20190409,36467W109,GME,1500.0,GAMESTOP CORP (HLDG CO) CL A,9.94
20190410,36467W109,GME,54541.0,GAMESTOP CORP (HLDG CO) CL A,9.82
20190411,36467W109,GME,31593.0,GAMESTOP CORP (HLDG CO) CL A,9.97
20190412,36467W109,GME,487.0,GAMESTOP CORP (HLDG CO) CL A,9.76
20190415,36467W109,GME,7648.0,GAMESTOP CORP (HLDG CO) CL A,9.32
20190417,36467W109,GME,42468.0,GAMESTOP CORP (HLDG CO) CL A,9.08
20190424,36467W109,GME,91923.0,GAMESTOP CORP (HLDG CO) CL A,8.89
20190426,36467W109,GME,57318.0,GAMESTOP CORP (HLDG CO) CL A,8.95
20190507,36467W109,GME,196.0,GAMESTOP CORP (HLDG CO) CL A,8.85
20190509,36467W109,GME,2000.0,GAMESTOP CORP (HLDG CO) CL A,8.69
20190513,36467W109,GME,500.0,GAMESTOP CORP (HLDG CO) CL A,8.48
20190514,36467W109,GME,132944.0,GAMESTOP CORP (HLDG CO) CL A,8.26
20190515,36467W109,GME,220217.0,GAMESTOP CORP (HLDG CO) CL A,8.53
20190516,36467W109,GME,16.0,GAMESTOP CORP (HLDG CO) CL A,8.69
20190520,36467W109,GME,3549.0,GAMESTOP CORP (HLDG CO) CL A,8.61
20190521,36467W109,GME,423494.0,GAMESTOP CORP (HLDG CO) CL A,8.06
20190529,36467W109,GME,186663.0,GAMESTOP CORP (HLDG CO) CL A,7.74
20190530,36467W109,GME,414.0,GAMESTOP CORP (HLDG CO) CL A,7.57
20190531,36467W109,GME,198595.0,GAMESTOP CORP (HLDG CO) CL A,7.60
20190603,36467W109,GME,2676.0,GAMESTOP CORP (HLDG CO) CL A,7.58
20190604,36467W109,GME,38453.0,GAMESTOP CORP (HLDG CO) CL A,7.47
20190605,36467W109,GME,375.0,GAMESTOP CORP (HLDG CO) CL A,7.82
20190607,36467W109,GME,100000.0,GAMESTOP CORP (HLDG CO) CL A,5.13
20190610,36467W109,GME,116927.0,GAMESTOP CORP (HLDG CO) CL A,5.02
20190611,36467W109,GME,168.0,GAMESTOP CORP (HLDG CO) CL A,5.44
20190612,36467W109,GME,89225.0,GAMESTOP CORP (HLDG CO) CL A,5.72
20190613,36467W109,GME,88195.0,GAMESTOP CORP (HLDG CO) CL A,5.50
20190614,36467W109,GME,149692.0,GAMESTOP CORP (HLDG CO) CL A,5.70
20190617,36467W109,GME,66729.0,GAMESTOP CORP (HLDG CO) CL A,5.63
20190618,36467W109,GME,451239.0,GAMESTOP CORP (HLDG CO) CL A,5.70
20190619,36467W109,GME,3018.0,GAMESTOP CORP (HLDG CO) CL A,5.73
20190620,36467W109,GME,113728.0,GAMESTOP CORP (HLDG CO) CL A,5.63
20190621,36467W109,GME,220842.0,GAMESTOP CORP (HLDG CO) CL A,5.53
20190624,36467W109,GME,307396.0,GAMESTOP CORP (HLDG CO) CL A,5.42
20190625,36467W109,GME,373593.0,GAMESTOP CORP (HLDG CO) CL A,5.37
20190626,36467W109,GME,480948.0,GAMESTOP CORP (HLDG CO) CL A,5.45
20190627,36467W109,GME,73606.0,GAMESTOP CORP (HLDG CO) CL A,5.47
20190628,36467W109,GME,47873.0,GAMESTOP CORP (HLDG CO) CL A,5.54
20190701,36467W109,GME,134231.0,GAMESTOP CORP (HLDG CO) CL A,5.47
20190702,36467W109,GME,141605.0,GAMESTOP CORP (HLDG CO) CL A,5.36
20190703,36467W109,GME,80257.0,GAMESTOP CORP (HLDG CO) CL A,5.38
20190705,36467W109,GME,117361.0,GAMESTOP CORP (HLDG CO) CL A,5.31
20190708,36467W109,GME,1073.0,GAMESTOP CORP (HLDG CO) CL A,5.52
20190717,36467W109,GME,1428781.0,GAMESTOP CORP (HLDG CO) CL A,4.63
20190718,36467W109,GME,308164.0,GAMESTOP CORP (HLDG CO) CL A,4.38
20190719,36467W109,GME,638922.0,GAMESTOP CORP (HLDG CO) CL A,4.20
20190722,36467W109,GME,317108.0,GAMESTOP CORP (HLDG CO) CL A,4.32
20190725,36467W109,GME,6265.0,GAMESTOP CORP (HLDG CO) CL A,4.08
20190729,36467W109,GME,4444.0,GAMESTOP CORP (HLDG CO) CL A,4.01
20190730,36467W109,GME,397061.0,GAMESTOP CORP (HLDG CO) CL A,4.12
20190731,36467W109,GME,232.0,GAMESTOP CORP (HLDG CO) CL A,4.03
20190802,36467W109,GME,83872.0,GAMESTOP CORP (HLDG CO) CL A,3.84
20190807,36467W109,GME,7612.0,GAMESTOP CORP (HLDG CO) CL A,3.81
20190808,36467W109,GME,864.0,GAMESTOP CORP (HLDG CO) CL A,3.81
20190812,36467W109,GME,16768.0,GAMESTOP CORP (HLDG CO) CL A,3.59
20190813,36467W109,GME,5375.0,GAMESTOP CORP (HLDG CO) CL A,3.51
20190814,36467W109,GME,4991.0,GAMESTOP CORP (HLDG CO) CL A,3.47
20190815,36467W109,GME,207619.0,GAMESTOP CORP (HLDG CO) CL A,3.32
20190816,36467W109,GME,4365.0,GAMESTOP CORP (HLDG CO) CL A,3.21
20190819,36467W109,GME,4739.0,GAMESTOP CORP (HLDG CO) CL A,3.32
20190821,36467W109,GME,89899.0,GAMESTOP CORP (HLDG CO) CL A,3.42
20190822,36467W109,GME,4841.0,GAMESTOP CORP (HLDG CO) CL A,3.54
20190823,36467W109,GME,5787.0,GAMESTOP CORP (HLDG CO) CL A,3.87
20190826,36467W109,GME,7799.0,GAMESTOP CORP (HLDG CO) CL A,3.65
20190827,36467W109,GME,54365.0,GAMESTOP CORP (HLDG CO) CL A,3.82
20190828,36467W109,GME,381195.0,GAMESTOP CORP (HLDG CO) CL A,3.70
20190829,36467W109,GME,29720.0,GAMESTOP CORP (HLDG CO) CL A,3.88
20190830,36467W109,GME,81323.0,GAMESTOP CORP (HLDG CO) CL A,4.23
20190903,36467W109,GME,2847.0,GAMESTOP CORP (HLDG CO) CL A,3.97
20190904,36467W109,GME,365.0,GAMESTOP CORP (HLDG CO) CL A,3.81
20190905,36467W109,GME,36.0,GAMESTOP CORP (HLDG CO) CL A,3.98
20190906,36467W109,GME,42335.0,GAMESTOP CORP (HLDG CO) CL A,4.23
20190910,36467W109,GME,21575.0,GAMESTOP CORP (HLDG CO) CL A,4.76
20190911,36467W109,GME,175765.0,GAMESTOP CORP (HLDG CO) CL A,5.09
20190912,36467W109,GME,362635.0,GAMESTOP CORP (HLDG CO) CL A,4.59
20190913,36467W109,GME,66047.0,GAMESTOP CORP (HLDG CO) CL A,4.58
20190916,36467W109,GME,242553.0,GAMESTOP CORP (HLDG CO) CL A,4.41
20190917,36467W109,GME,35953.0,GAMESTOP CORP (HLDG CO) CL A,4.35
20190918,36467W109,GME,19704.0,GAMESTOP CORP (HLDG CO) CL A,4.33
20190919,36467W109,GME,34536.0,GAMESTOP CORP (HLDG CO) CL A,4.60
20190920,36467W109,GME,39687.0,GAMESTOP CORP (HLDG CO) CL A,4.44
20190924,36467W109,GME,749737.0,GAMESTOP CORP (HLDG CO) CL A,5.02
20190925,36467W109,GME,225396.0,GAMESTOP CORP (HLDG CO) CL A,5.01
20190926,36467W109,GME,272674.0,GAMESTOP CORP (HLDG CO) CL A,5.20
20190927,36467W109,GME,563923.0,GAMESTOP CORP (HLDG CO) CL A,5.28
20190930,36467W109,GME,458082.0,GAMESTOP CORP (HLDG CO) CL A,5.34
20191015,36467W109,GME,1240705.0,GAMESTOP CORP (HLDG CO) CL A,5.58
20191016,36467W109,GME,1616440.0,GAMESTOP CORP (HLDG CO) CL A,5.61
20191017,36467W109,GME,1084527.0,GAMESTOP CORP (HLDG CO) CL A,5.88
20191018,36467W109,GME,1026078.0,GAMESTOP CORP (HLDG CO) CL A,6.03
20191021,36467W109,GME,713607.0,GAMESTOP CORP (HLDG CO) CL A,5.94
20191022,36467W109,GME,1180971.0,GAMESTOP CORP (HLDG CO) CL A,5.93
20191023,36467W109,GME,771355.0,GAMESTOP CORP (HLDG CO) CL A,6.39
20191024,36467W109,GME,144029.0,GAMESTOP CORP (HLDG CO) CL A,6.43
20191025,36467W109,GME,56344.0,GAMESTOP CORP (HLDG CO) CL A,6.42
20191028,36467W109,GME,6179.0,GAMESTOP CORP (HLDG CO) CL A,6.35
20191029,36467W109,GME,25403.0,GAMESTOP CORP (HLDG CO) CL A,6.19
20191030,36467W109,GME,56580.0,GAMESTOP CORP (HLDG CO) CL A,5.81
20191031,36467W109,GME,10759.0,GAMESTOP CORP (HLDG CO) CL A,5.73
20191101,36467W109,GME,7461.0,GAMESTOP CORP (HLDG CO) CL A,5.44
20191104,36467W109,GME,140654.0,GAMESTOP CORP (HLDG CO) CL A,5.84
20191105,36467W109,GME,347123.0,GAMESTOP CORP (HLDG CO) CL A,5.85
20191106,36467W109,GME,303103.0,GAMESTOP CORP (HLDG CO) CL A,5.91
20191107,36467W109,GME,379722.0,GAMESTOP CORP (HLDG CO) CL A,6.09
20191108,36467W109,GME,374540.0,GAMESTOP CORP (HLDG CO) CL A,6.22
20191112,36467W109,GME,40498.0,GAMESTOP CORP (HLDG CO) CL A,6.02
20191113,36467W109,GME,78233.0,GAMESTOP CORP (HLDG CO) CL A,5.92
20191114,36467W109,GME,96514.0,GAMESTOP CORP (HLDG CO) CL A,5.94
20191115,36467W109,GME,50331.0,GAMESTOP CORP (HLDG CO) CL A,5.98
20191118,36467W109,GME,55697.0,GAMESTOP CORP (HLDG CO) CL A,5.88
20191119,36467W109,GME,839804.0,GAMESTOP CORP (HLDG CO) CL A,5.62
20191120,36467W109,GME,596189.0,GAMESTOP CORP (HLDG CO) CL A,5.50
20191121,36467W109,GME,213099.0,GAMESTOP CORP (HLDG CO) CL A,5.46
20191122,36467W109,GME,606479.0,GAMESTOP CORP (HLDG CO) CL A,5.50
20191125,36467W109,GME,364297.0,GAMESTOP CORP (HLDG CO) CL A,5.66
20191126,36467W109,GME,419697.0,GAMESTOP CORP (HLDG CO) CL A,6.03
20191127,36467W109,GME,307267.0,GAMESTOP CORP (HLDG CO) CL A,6.10
20191129,36467W109,GME,215774.0,GAMESTOP CORP (HLDG CO) CL A,6.35
20191202,36467W109,GME,236929.0,GAMESTOP CORP (HLDG CO) CL A,6.34
20191203,36467W109,GME,268552.0,GAMESTOP CORP (HLDG CO) CL A,6.17
20191204,36467W109,GME,65407.0,GAMESTOP CORP (HLDG CO) CL A,6.12
20191205,36467W109,GME,325667.0,GAMESTOP CORP (HLDG CO) CL A,6.43
20191206,36467W109,GME,77968.0,GAMESTOP CORP (HLDG CO) CL A,6.40
20191209,36467W109,GME,87317.0,GAMESTOP CORP (HLDG CO) CL A,6.68
20191210,36467W109,GME,238740.0,GAMESTOP CORP (HLDG CO) CL A,6.33
20191211,36467W109,GME,447.0,GAMESTOP CORP (HLDG CO) CL A,6.51
20191212,36467W109,GME,52954.0,GAMESTOP CORP (HLDG CO) CL A,5.53
20191213,36467W109,GME,60012.0,GAMESTOP CORP (HLDG CO) CL A,5.58
20191217,36467W109,GME,99965.0,GAMESTOP CORP (HLDG CO) CL A,5.50
20191218,36467W109,GME,54647.0,GAMESTOP CORP (HLDG CO) CL A,6.06
20191219,36467W109,GME,133995.0,GAMESTOP CORP (HLDG CO) CL A,6.16
20191220,36467W109,GME,87181.0,GAMESTOP CORP (HLDG CO) CL A,6.06
20191223,36467W109,GME,208067.0,GAMESTOP CORP (HLDG CO) CL A,5.99
20191224,36467W109,GME,23969.0,GAMESTOP CORP (HLDG CO) CL A,5.61
20191226,36467W109,GME,452960.0,GAMESTOP CORP (HLDG CO) CL A,5.44
20191227,36467W109,GME,2689.0,GAMESTOP CORP (HLDG CO) CL A,5.40
20191230,36467W109,GME,157427.0,GAMESTOP CORP (HLDG CO) CL A,5.90
20191231,36467W109,GME,1238910.0,GAMESTOP CORP (HLDG CO) CL A,6.13
20200102,36467W109,GME,10609.0,GAMESTOP CORP (HLDG CO) CL A,6.08
20200103,36467W109,GME,28692.0,GAMESTOP CORP (HLDG CO) CL A,6.31
20200106,36467W109,GME,28665.0,GAMESTOP CORP (HLDG CO) CL A,5.88
20200108,36467W109,GME,7039.0,GAMESTOP CORP (HLDG CO) CL A,5.52
20200109,36467W109,GME,347.0,GAMESTOP CORP (HLDG CO) CL A,5.72
20200110,36467W109,GME,106775.0,GAMESTOP CORP (HLDG CO) CL A,5.55
20200113,36467W109,GME,77088.0,GAMESTOP CORP (HLDG CO) CL A,5.43
20200114,36467W109,GME,18335.0,GAMESTOP CORP (HLDG CO) CL A,5.43
20200115,36467W109,GME,9173.0,GAMESTOP CORP (HLDG CO) CL A,4.71
20200121,36467W109,GME,4721.0,GAMESTOP CORP (HLDG CO) CL A,4.75
20200122,36467W109,GME,4201.0,GAMESTOP CORP (HLDG CO) CL A,4.59
20200123,36467W109,GME,31185.0,GAMESTOP CORP (HLDG CO) CL A,4.56
20200124,36467W109,GME,1411.0,GAMESTOP CORP (HLDG CO) CL A,4.62
20200127,36467W109,GME,500.0,GAMESTOP CORP (HLDG CO) CL A,4.32
20200128,36467W109,GME,84562.0,GAMESTOP CORP (HLDG CO) CL A,4.28
20200129,36467W109,GME,12336.0,GAMESTOP CORP (HLDG CO) CL A,4.21
20200130,36467W109,GME,499.0,GAMESTOP CORP (HLDG CO) CL A,4.13
20200131,36467W109,GME,2912.0,GAMESTOP CORP (HLDG CO) CL A,3.93
20200501,36467W109,GME,1380982.0,GAMESTOP CORP (HLDG CO) CL A,5.73
20200504,36467W109,GME,736380.0,GAMESTOP CORP (HLDG CO) CL A,6.05
20200505,36467W109,GME,504194.0,GAMESTOP CORP (HLDG CO) CL A,5.48
20200506,36467W109,GME,187405.0,GAMESTOP CORP (HLDG CO) CL A,5.39
20200507,36467W109,GME,86625.0,GAMESTOP CORP (HLDG CO) CL A,4.93
20200508,36467W109,GME,268379.0,GAMESTOP CORP (HLDG CO) CL A,4.87
20200511,36467W109,GME,48151.0,GAMESTOP CORP (HLDG CO) CL A,4.98
20200512,36467W109,GME,66174.0,GAMESTOP CORP (HLDG CO) CL A,4.76
20200513,36467W109,GME,5934.0,GAMESTOP CORP (HLDG CO) CL A,4.54
20200514,36467W109,GME,28918.0,GAMESTOP CORP (HLDG CO) CL A,4.21
20200515,36467W109,GME,21080.0,GAMESTOP CORP (HLDG CO) CL A,4.13
20200518,36467W109,GME,20109.0,GAMESTOP CORP (HLDG CO) CL A,4.22
20200519,36467W109,GME,134.0,GAMESTOP CORP (HLDG CO) CL A,4.58
20200520,36467W109,GME,73678.0,GAMESTOP CORP (HLDG CO) CL A,4.44
20200521,36467W109,GME,6728.0,GAMESTOP CORP (HLDG CO) CL A,4.43
20200522,36467W109,GME,17338.0,GAMESTOP CORP (HLDG CO) CL A,4.44
20200526,36467W109,GME,21599.0,GAMESTOP CORP (HLDG CO) CL A,4.18
20200527,36467W109,GME,13674.0,GAMESTOP CORP (HLDG CO) CL A,4.42
20200528,36467W109,GME,9831.0,GAMESTOP CORP (HLDG CO) CL A,4.69
20200529,36467W109,GME,8186.0,GAMESTOP CORP (HLDG CO) CL A,4.33
20200601,36467W109,GME,62130.0,GAMESTOP CORP (HLDG CO) CL A,4.06
20200602,36467W109,GME,166805.0,GAMESTOP CORP (HLDG CO) CL A,4.13
20200603,36467W109,GME,28129.0,GAMESTOP CORP (HLDG CO) CL A,4.18
20200604,36467W109,GME,5129.0,GAMESTOP CORP (HLDG CO) CL A,4.44
20200605,36467W109,GME,107808.0,GAMESTOP CORP (HLDG CO) CL A,4.47
20200608,36467W109,GME,238731.0,GAMESTOP CORP (HLDG CO) CL A,4.14
20200609,36467W109,GME,377993.0,GAMESTOP CORP (HLDG CO) CL A,5.01
20200610,36467W109,GME,18737.0,GAMESTOP CORP (HLDG CO) CL A,4.96
20200611,36467W109,GME,410673.0,GAMESTOP CORP (HLDG CO) CL A,5.07
20200612,36467W109,GME,227930.0,GAMESTOP CORP (HLDG CO) CL A,4.37
20200615,36467W109,GME,92058.0,GAMESTOP CORP (HLDG CO) CL A,4.72
20200616,36467W109,GME,492013.0,GAMESTOP CORP (HLDG CO) CL A,4.69
20200617,36467W109,GME,183337.0,GAMESTOP CORP (HLDG CO) CL A,4.64
20200618,36467W109,GME,118241.0,GAMESTOP CORP (HLDG CO) CL A,4.76
20200619,36467W109,GME,5843.0,GAMESTOP CORP (HLDG CO) CL A,4.95
20200622,36467W109,GME,3078.0,GAMESTOP CORP (HLDG CO) CL A,4.88
20200623,36467W109,GME,160820.0,GAMESTOP CORP (HLDG CO) CL A,4.87
20200624,36467W109,GME,9514.0,GAMESTOP CORP (HLDG CO) CL A,4.83
20200625,36467W109,GME,330410.0,GAMESTOP CORP (HLDG CO) CL A,4.41
20200629,36467W109,GME,300.0,GAMESTOP CORP (HLDG CO) CL A,4.35
20200630,36467W109,GME,4536.0,GAMESTOP CORP (HLDG CO) CL A,4.38
20200701,36467W109,GME,6369.0,GAMESTOP CORP (HLDG CO) CL A,4.34
20200706,36467W109,GME,86018.0,GAMESTOP CORP (HLDG CO) CL A,4.29
20200709,36467W109,GME,2673.0,GAMESTOP CORP (HLDG CO) CL A,4.26
20200710,36467W109,GME,42847.0,GAMESTOP CORP (HLDG CO) CL A,4.21
20200713,36467W109,GME,57135.0,GAMESTOP CORP (HLDG CO) CL A,4.34
20200714,36467W109,GME,10418.0,GAMESTOP CORP (HLDG CO) CL A,4.26
20200715,36467W109,GME,53992.0,GAMESTOP CORP (HLDG CO) CL A,4.08
20200720,36467W109,GME,15305.0,GAMESTOP CORP (HLDG CO) CL A,3.96
20200721,36467W109,GME,1047676.0,GAMESTOP CORP (HLDG CO) CL A,3.85
20200722,36467W109,GME,44930.0,GAMESTOP CORP (HLDG CO) CL A,4.01
20200723,36467W109,GME,15361.0,GAMESTOP CORP (HLDG CO) CL A,4.11
20200724,36467W109,GME,35103.0,GAMESTOP CORP (HLDG CO) CL A,4.11
20200727,36467W109,GME,84766.0,GAMESTOP CORP (HLDG CO) CL A,4.03
20200728,36467W109,GME,134.0,GAMESTOP CORP (HLDG CO) CL A,4.01
20200730,36467W109,GME,43327.0,GAMESTOP CORP (HLDG CO) CL A,4.06
20200731,36467W109,GME,84538.0,GAMESTOP CORP (HLDG CO) CL A,4.10
20200803,36467W109,GME,19581.0,GAMESTOP CORP (HLDG CO) CL A,4.01
20200804,36467W109,GME,20822.0,GAMESTOP CORP (HLDG CO) CL A,4.15
20200805,36467W109,GME,9693.0,GAMESTOP CORP (HLDG CO) CL A,4.43
20200806,36467W109,GME,70632.0,GAMESTOP CORP (HLDG CO) CL A,4.63
20200810,36467W109,GME,415.0,GAMESTOP CORP (HLDG CO) CL A,4.16
20200811,36467W109,GME,67801.0,GAMESTOP CORP (HLDG CO) CL A,4.33
20200812,36467W109,GME,15477.0,GAMESTOP CORP (HLDG CO) CL A,4.35
20200813,36467W109,GME,34659.0,GAMESTOP CORP (HLDG CO) CL A,4.52
20200814,36467W109,GME,9412.0,GAMESTOP CORP (HLDG CO) CL A,4.64
20200817,36467W109,GME,3983.0,GAMESTOP CORP (HLDG CO) CL A,4.75
20200818,36467W109,GME,1356.0,GAMESTOP CORP (HLDG CO) CL A,4.63
20200819,36467W109,GME,1780.0,GAMESTOP CORP (HLDG CO) CL A,4.81
20200820,36467W109,GME,58521.0,GAMESTOP CORP (HLDG CO) CL A,4.72
20200821,36467W109,GME,3202.0,GAMESTOP CORP (HLDG CO) CL A,4.61
20200824,36467W109,GME,70241.0,GAMESTOP CORP (HLDG CO) CL A,5.03
20200825,36467W109,GME,347372.0,GAMESTOP CORP (HLDG CO) CL A,4.87
20200826,36467W109,GME,72972.0,GAMESTOP CORP (HLDG CO) CL A,4.98
20200827,36467W109,GME,57178.0,GAMESTOP CORP (HLDG CO) CL A,5.11
20200828,36467W109,GME,8813.0,GAMESTOP CORP (HLDG CO) CL A,5.25
20200831,36467W109,GME,31683.0,GAMESTOP CORP (HLDG CO) CL A,5.39
20200901,36467W109,GME,310668.0,GAMESTOP CORP (HLDG CO) CL A,6.68
20200902,36467W109,GME,917224.0,GAMESTOP CORP (HLDG CO) CL A,7.65
20200903,36467W109,GME,783719.0,GAMESTOP CORP (HLDG CO) CL A,7.71
20200904,36467W109,GME,1048386.0,GAMESTOP CORP (HLDG CO) CL A,7.82
20200908,36467W109,GME,556234.0,GAMESTOP CORP (HLDG CO) CL A,7.65
20200909,36467W109,GME,252787.0,GAMESTOP CORP (HLDG CO) CL A,7.70
20200910,36467W109,GME,630799.0,GAMESTOP CORP (HLDG CO) CL A,7.35
20200911,36467W109,GME,431853.0,GAMESTOP CORP (HLDG CO) CL A,6.23
20200914,36467W109,GME,398676.0,GAMESTOP CORP (HLDG CO) CL A,6.09
20200915,36467W109,GME,267777.0,GAMESTOP CORP (HLDG CO) CL A,6.91
20200916,36467W109,GME,884485.0,GAMESTOP CORP (HLDG CO) CL A,7.09
20200917,36467W109,GME,598737.0,GAMESTOP CORP (HLDG CO) CL A,8.68
20200918,36467W109,GME,847632.0,GAMESTOP CORP (HLDG CO) CL A,9.20
20200921,36467W109,GME,709333.0,GAMESTOP CORP (HLDG CO) CL A,9.47
20200922,36467W109,GME,2655764.0,GAMESTOP CORP (HLDG CO) CL A,8.75
20200923,36467W109,GME,1004290.0,GAMESTOP CORP (HLDG CO) CL A,10.56
20200924,36467W109,GME,650946.0,GAMESTOP CORP (HLDG CO) CL A,10.04
20200925,36467W109,GME,901845.0,GAMESTOP CORP (HLDG CO) CL A,9.14
20200928,36467W109,GME,499879.0,GAMESTOP CORP (HLDG CO) CL A,10.02
20200929,36467W109,GME,295322.0,GAMESTOP CORP (HLDG CO) CL A,10.09
20200930,36467W109,GME,28263.0,GAMESTOP CORP (HLDG CO) CL A,10.35
20201001,36467W109,GME,380564.0,GAMESTOP CORP (HLDG CO) CL A,10.20
20201002,36467W109,GME,198726.0,GAMESTOP CORP (HLDG CO) CL A,9.77
20201005,36467W109,GME,77344.0,GAMESTOP CORP (HLDG CO) CL A,9.39
20201006,36467W109,GME,45728.0,GAMESTOP CORP (HLDG CO) CL A,9.46
20201007,36467W109,GME,2112.0,GAMESTOP CORP (HLDG CO) CL A,9.13
20201008,36467W109,GME,43355.0,GAMESTOP CORP (HLDG CO) CL A,9.36
20201009,36467W109,GME,287410.0,GAMESTOP CORP (HLDG CO) CL A,13.49
20201013,36467W109,GME,3210148.0,GAMESTOP CORP (HLDG CO) CL A,11.80
20201014,36467W109,GME,1020779.0,GAMESTOP CORP (HLDG CO) CL A,11.88
20201015,36467W109,GME,81962.0,GAMESTOP CORP (HLDG CO) CL A,12.25
20201016,36467W109,GME,42481.0,GAMESTOP CORP (HLDG CO) CL A,13.83
20201019,36467W109,GME,139512.0,GAMESTOP CORP (HLDG CO) CL A,13.31
20201020,36467W109,GME,210863.0,GAMESTOP CORP (HLDG CO) CL A,13.91
20201021,36467W109,GME,19853.0,GAMESTOP CORP (HLDG CO) CL A,13.86
20201022,36467W109,GME,168358.0,GAMESTOP CORP (HLDG CO) CL A,14.10
20201023,36467W109,GME,144317.0,GAMESTOP CORP (HLDG CO) CL A,14.91
20201026,36467W109,GME,221129.0,GAMESTOP CORP (HLDG CO) CL A,15.00
20201027,36467W109,GME,254372.0,GAMESTOP CORP (HLDG CO) CL A,13.45
20201028,36467W109,GME,133541.0,GAMESTOP CORP (HLDG CO) CL A,12.69
20201029,36467W109,GME,40619.0,GAMESTOP CORP (HLDG CO) CL A,11.82
20201030,36467W109,GME,11780.0,GAMESTOP CORP (HLDG CO) CL A,11.73
20201102,36467W109,GME,10141.0,GAMESTOP CORP (HLDG CO) CL A,10.47
20201103,36467W109,GME,8353.0,GAMESTOP CORP (HLDG CO) CL A,10.75
20201104,36467W109,GME,16776.0,GAMESTOP CORP (HLDG CO) CL A,11.57
20201105,36467W109,GME,8661.0,GAMESTOP CORP (HLDG CO) CL A,10.91
20201106,36467W109,GME,245253.0,GAMESTOP CORP (HLDG CO) CL A,11.45
20201109,36467W109,GME,110340.0,GAMESTOP CORP (HLDG CO) CL A,11.86
20201110,36467W109,GME,60526.0,GAMESTOP CORP (HLDG CO) CL A,11.49
20201112,36467W109,GME,55047.0,GAMESTOP CORP (HLDG CO) CL A,11.75
20201113,36467W109,GME,15899.0,GAMESTOP CORP (HLDG CO) CL A,11.13
20201116,36467W109,GME,94799.0,GAMESTOP CORP (HLDG CO) CL A,11.01
20201117,36467W109,GME,48023.0,GAMESTOP CORP (HLDG CO) CL A,12.06
20201118,36467W109,GME,19886.0,GAMESTOP CORP (HLDG CO) CL A,11.63
20201119,36467W109,GME,20322.0,GAMESTOP CORP (HLDG CO) CL A,11.57
20201120,36467W109,GME,971.0,GAMESTOP CORP (HLDG CO) CL A,12.46
20201123,36467W109,GME,46998.0,GAMESTOP CORP (HLDG CO) CL A,12.71
20201124,36467W109,GME,535217.0,GAMESTOP CORP (HLDG CO) CL A,13.90
20201125,36467W109,GME,143331.0,GAMESTOP CORP (HLDG CO) CL A,13.67
20201127,36467W109,GME,163516.0,GAMESTOP CORP (HLDG CO) CL A,14.75
20201130,36467W109,GME,21936.0,GAMESTOP CORP (HLDG CO) CL A,16.08
20201201,36467W109,GME,91971.0,GAMESTOP CORP (HLDG CO) CL A,16.56
20201202,36467W109,GME,1061397.0,GAMESTOP CORP (HLDG CO) CL A,15.80
20201203,36467W109,GME,1787191.0,GAMESTOP CORP (HLDG CO) CL A,16.58
20201204,36467W109,GME,999475.0,GAMESTOP CORP (HLDG CO) CL A,16.12
20201207,36467W109,GME,1002379.0,GAMESTOP CORP (HLDG CO) CL A,16.90
20201208,36467W109,GME,872292.0,GAMESTOP CORP (HLDG CO) CL A,16.35
20201209,36467W109,GME,721361.0,GAMESTOP CORP (HLDG CO) CL A,16.94
20201210,36467W109,GME,605975.0,GAMESTOP CORP (HLDG CO) CL A,13.66
20201211,36467W109,GME,880063.0,GAMESTOP CORP (HLDG CO) CL A,14.12
20201214,36467W109,GME,284296.0,GAMESTOP CORP (HLDG CO) CL A,13.31
20201215,36467W109,GME,170655.0,GAMESTOP CORP (HLDG CO) CL A,12.72
20201216,36467W109,GME,10784.0,GAMESTOP CORP (HLDG CO) CL A,13.85
20201217,36467W109,GME,500162.0,GAMESTOP CORP (HLDG CO) CL A,13.85
20201218,36467W109,GME,872523.0,GAMESTOP CORP (HLDG CO) CL A,14.83
20201221,36467W109,GME,619404.0,GAMESTOP CORP (HLDG CO) CL A,15.63
20201222,36467W109,GME,744478.0,GAMESTOP CORP (HLDG CO) CL A,15.53
20201223,36467W109,GME,700507.0,GAMESTOP CORP (HLDG CO) CL A,19.46
20201224,36467W109,GME,839699.0,GAMESTOP CORP (HLDG CO) CL A,20.57
20201228,36467W109,GME,351316.0,GAMESTOP CORP (HLDG CO) CL A,20.15
20201229,36467W109,GME,283294.0,GAMESTOP CORP (HLDG CO) CL A,20.99
20201230,36467W109,GME,648513.0,GAMESTOP CORP (HLDG CO) CL A,19.38
20201231,36467W109,GME,228358.0,GAMESTOP CORP (HLDG CO) CL A,19.26
20210104,36467W109,GME,182269.0,GAMESTOP CORP (HLDG CO) CL A,18.84
20210105,36467W109,GME,490723.0,GAMESTOP CORP (HLDG CO) CL A,17.25
20210106,36467W109,GME,772112.0,GAMESTOP CORP (HLDG CO) CL A,17.37
20210107,36467W109,GME,799328.0,GAMESTOP CORP (HLDG CO) CL A,18.36
20210108,36467W109,GME,555658.0,GAMESTOP CORP (HLDG CO) CL A,18.08
20210111,36467W109,GME,703110.0,GAMESTOP CORP (HLDG CO) CL A,17.69
20210112,36467W109,GME,287730.0,GAMESTOP CORP (HLDG CO) CL A,19.94
20210113,36467W109,GME,662524.0,GAMESTOP CORP (HLDG CO) CL A,19.95
20210114,36467W109,GME,621483.0,GAMESTOP CORP (HLDG CO) CL A,31.40
20210115,36467W109,GME,892653.0,GAMESTOP CORP (HLDG CO) CL A,39.91
20210119,36467W109,GME,1498576.0,GAMESTOP CORP (HLDG CO) CL A,35.50
20210120,36467W109,GME,1007562.0,GAMESTOP CORP (HLDG CO) CL A,39.36
20210121,36467W109,GME,1438994.0,GAMESTOP CORP (HLDG CO) CL A,39.12
20210122,36467W109,GME,273600.0,GAMESTOP CORP (HLDG CO) CL A,43.03
20210125,36467W109,GME,275113.0,GAMESTOP CORP (HLDG CO) CL A,65.01
20210126,36467W109,GME,2099572.0,GAMESTOP CORP (HLDG CO) CL A,76.79
20210127,36467W109,GME,1972862.0,GAMESTOP CORP (HLDG CO) CL A,147.98
20210128,36467W109,GME,1032986.0,GAMESTOP CORP (HLDG CO) CL A,347.51
20210129,36467W109,GME,138179.0,GAMESTOP CORP (HLDG CO) CL A,193.60
20210201,36467W109,GME,10975.0,GAMESTOP CORP (HLDG CO) CL A,325.00
20210202,36467W109,GME,159298.0,GAMESTOP CORP (HLDG CO) CL A,225.00
20210203,36467W109,GME,47564.0,GAMESTOP CORP (HLDG CO) CL A,90.00
20210204,36467W109,GME,88767.0,GAMESTOP CORP (HLDG CO) CL A,92.41
20210205,36467W109,GME,27307.0,GAMESTOP CORP (HLDG CO) CL A,53.50
20210208,36467W109,GME,304.0,GAMESTOP CORP (HLDG CO) CL A,63.77
20210209,36467W109,GME,22796.0,GAMESTOP CORP (HLDG CO) CL A,60.00
20210210,36467W109,GME,99.0,GAMESTOP CORP (HLDG CO) CL A,50.31
20210211,36467W109,GME,1534.0,GAMESTOP CORP (HLDG CO) CL A,51.20
20210212,36467W109,GME,15102.0,GAMESTOP CORP (HLDG CO) CL A,51.10
20210216,36467W109,GME,5218.0,GAMESTOP CORP (HLDG CO) CL A,52.40
20210217,36467W109,GME,52861.0,GAMESTOP CORP (HLDG CO) CL A,49.51
20210218,36467W109,GME,8435.0,GAMESTOP CORP (HLDG CO) CL A,45.94
20210219,36467W109,GME,16734.0,GAMESTOP CORP (HLDG CO) CL A,40.69
20210222,36467W109,GME,1910.0,GAMESTOP CORP (HLDG CO) CL A,40.59
20210223,36467W109,GME,14856.0,GAMESTOP CORP (HLDG CO) CL A,46.00
20210224,36467W109,GME,173307.0,GAMESTOP CORP (HLDG CO) CL A,44.97
20210225,36467W109,GME,29072.0,GAMESTOP CORP (HLDG CO) CL A,91.71
20210226,36467W109,GME,298018.0,GAMESTOP CORP (HLDG CO) CL A,108.73
20210301,36467W109,GME,82708.0,GAMESTOP CORP (HLDG CO) CL A,101.74
20210302,36467W109,GME,26373.0,GAMESTOP CORP (HLDG CO) CL A,120.40
20210303,36467W109,GME,15394.0,GAMESTOP CORP (HLDG CO) CL A,118.18
20210304,36467W109,GME,20176.0,GAMESTOP CORP (HLDG CO) CL A,124.18
20210305,36467W109,GME,33363.0,GAMESTOP CORP (HLDG CO) CL A,132.35
20210308,36467W109,GME,1907.0,GAMESTOP CORP (HLDG CO) CL A,137.74
20210309,36467W109,GME,17382.0,GAMESTOP CORP (HLDG CO) CL A,194.50
20210310,36467W109,GME,22839.0,GAMESTOP CORP (HLDG CO) CL A,246.90
20210311,36467W109,GME,10818.0,GAMESTOP CORP (HLDG CO) CL A,265.00
20210312,36467W109,GME,155658.0,GAMESTOP CORP (HLDG CO) CL A,260.00
20210315,36467W109,GME,46344.0,GAMESTOP CORP (HLDG CO) CL A,264.50
20210316,36467W109,GME,140554.0,GAMESTOP CORP (HLDG CO) CL A,220.14
20210317,36467W109,GME,47597.0,GAMESTOP CORP (HLDG CO) CL A,208.17
20210318,36467W109,GME,32220.0,GAMESTOP CORP (HLDG CO) CL A,209.81
20210319,36467W109,GME,637.0,GAMESTOP CORP (HLDG CO) CL A,201.75
20210322,36467W109,GME,17163.0,GAMESTOP CORP (HLDG CO) CL A,200.27
20210323,36467W109,GME,83058.0,GAMESTOP CORP (HLDG CO) CL A,194.49
20210324,36467W109,GME,38387.0,GAMESTOP CORP (HLDG CO) CL A,181.75
20210325,36467W109,GME,20295.0,GAMESTOP CORP (HLDG CO) CL A,120.34
20210326,36467W109,GME,62109.0,GAMESTOP CORP (HLDG CO) CL A,183.75
20210329,36467W109,GME,86859.0,GAMESTOP CORP (HLDG CO) CL A,181.00
20210330,36467W109,GME,17841.0,GAMESTOP CORP (HLDG CO) CL A,181.30
20210331,36467W109,GME,14031.0,GAMESTOP CORP (HLDG CO) CL A,194.46
20210401,36467W109,GME,25667.0,GAMESTOP CORP (HLDG CO) CL A,189.82
20210405,36467W109,GME,8090.0,GAMESTOP CORP (HLDG CO) CL A,191.45
20210406,36467W109,GME,15799.0,GAMESTOP CORP (HLDG CO) CL A,186.95
20210407,36467W109,GME,85817.0,GAMESTOP CORP (HLDG CO) CL A,184.50
20210408,36467W109,GME,8161.0,GAMESTOP CORP (HLDG CO) CL A,177.97
20210409,36467W109,GME,71528.0,GAMESTOP CORP (HLDG CO) CL A,170.26
20210412,36467W109,GME,1186.0,GAMESTOP CORP (HLDG CO) CL A,158.36
20210413,36467W109,GME,28097.0,GAMESTOP CORP (HLDG CO) CL A,141.09
20210414,36467W109,GME,6015.0,GAMESTOP CORP (HLDG CO) CL A,140.99
20210415,36467W109,GME,36460.0,GAMESTOP CORP (HLDG CO) CL A,166.53
20210416,36467W109,GME,67097.0,GAMESTOP CORP (HLDG CO) CL A,156.44
20210419,36467W109,GME,2572.0,GAMESTOP CORP (HLDG CO) CL A,154.69
20210420,36467W109,GME,88599.0,GAMESTOP CORP (HLDG CO) CL A,164.37
20210422,36467W109,GME,15959.0,GAMESTOP CORP (HLDG CO) CL A,158.51
20210423,36467W109,GME,23180.0,GAMESTOP CORP (HLDG CO) CL A,151.17
20210426,36467W109,GME,3862.0,GAMESTOP CORP (HLDG CO) CL A,151.18
20210427,36467W109,GME,49719.0,GAMESTOP CORP (HLDG CO) CL A,168.93
20210428,36467W109,GME,50238.0,GAMESTOP CORP (HLDG CO) CL A,177.77
20210429,36467W109,GME,9249.0,GAMESTOP CORP (HLDG CO) CL A,178.58
20210430,36467W109,GME,14143.0,GAMESTOP CORP (HLDG CO) CL A,176.19
20210503,36467W109,GME,8368.0,GAMESTOP CORP (HLDG CO) CL A,173.59
20210504,36467W109,GME,15693.0,GAMESTOP CORP (HLDG CO) CL A,162.20
20210505,36467W109,GME,14934.0,GAMESTOP CORP (HLDG CO) CL A,160.73
20210506,36467W109,GME,621.0,GAMESTOP CORP (HLDG CO) CL A,159.48
20210507,36467W109,GME,25878.0,GAMESTOP CORP (HLDG CO) CL A,161.01
20210510,36467W109,GME,28012.0,GAMESTOP CORP (HLDG CO) CL A,161.11
20210511,36467W109,GME,11910.0,GAMESTOP CORP (HLDG CO) CL A,143.22
20210512,36467W109,GME,38690.0,GAMESTOP CORP (HLDG CO) CL A,146.92
20210513,36467W109,GME,42923.0,GAMESTOP CORP (HLDG CO) CL A,144.79
20210514,36467W109,GME,7455.0,GAMESTOP CORP (HLDG CO) CL A,164.50
20210517,36467W109,GME,59285.0,GAMESTOP CORP (HLDG CO) CL A,159.92
20210518,36467W109,GME,27403.0,GAMESTOP CORP (HLDG CO) CL A,180.60
20210519,36467W109,GME,17804.0,GAMESTOP CORP (HLDG CO) CL A,180.67
20210520,36467W109,GME,75521.0,GAMESTOP CORP (HLDG CO) CL A,168.83
20210521,36467W109,GME,27904.0,GAMESTOP CORP (HLDG CO) CL A,170.49
20210524,36467W109,GME,47904.0,GAMESTOP CORP (HLDG CO) CL A,176.79
20210525,36467W109,GME,18835.0,GAMESTOP CORP (HLDG CO) CL A,180.01
20210526,36467W109,GME,749.0,GAMESTOP CORP (HLDG CO) CL A,209.43
20210527,36467W109,GME,18598.0,GAMESTOP CORP (HLDG CO) CL A,242.56
20210528,36467W109,GME,52275.0,GAMESTOP CORP (HLDG CO) CL A,254.13
20210601,36467W109,GME,8598.0,GAMESTOP CORP (HLDG CO) CL A,222.00
20210602,36467W109,GME,905.0,GAMESTOP CORP (HLDG CO) CL A,249.02
20210603,36467W109,GME,17858.0,GAMESTOP CORP (HLDG CO) CL A,282.24
20210604,36467W109,GME,4273.0,GAMESTOP CORP (HLDG CO) CL A,258.18
20210607,36467W109,GME,2037.0,GAMESTOP CORP (HLDG CO) CL A,248.36
20210608,36467W109,GME,2634.0,GAMESTOP CORP (HLDG CO) CL A,280.01
20210609,36467W109,GME,30313.0,GAMESTOP CORP (HLDG CO) CL A,300.00
20210610,36467W109,GME,278.0,GAMESTOP CORP (HLDG CO) CL A,302.56
20210611,36467W109,GME,48710.0,GAMESTOP CORP (HLDG CO) CL A,220.39
20210614,36467W109,GME,105712.0,GAMESTOP CORP (HLDG CO) CL A,233.34
20210616,36467W109,GME,3869.0,GAMESTOP CORP (HLDG CO) CL A,222.50
20210617,36467W109,GME,8690.0,GAMESTOP CORP (HLDG CO) CL A,222.97
20210618,36467W109,GME,462852.0,GAMESTOP CORP (HLDG CO) CL A,223.59
20210621,36467W109,GME,13632.0,GAMESTOP CORP (HLDG CO) CL A,213.82
20210622,36467W109,GME,25276.0,GAMESTOP CORP (HLDG CO) CL A,200.37
20210623,36467W109,GME,89304.0,GAMESTOP CORP (HLDG CO) CL A,220.40
20210624,36467W109,GME,1853.0,GAMESTOP CORP (HLDG CO) CL A,219.34
20210625,36467W109,GME,26507.0,GAMESTOP CORP (HLDG CO) CL A,212.31
20210628,36467W109,GME,134659.0,GAMESTOP CORP (HLDG CO) CL A,209.51
20210629,36467W109,GME,346542.0,GAMESTOP CORP (HLDG CO) CL A,213.25
20210630,36467W109,GME,6246.0,GAMESTOP CORP (HLDG CO) CL A,210.88
20210701,36467W109,GME,313200.0,GAMESTOP CORP (HLDG CO) CL A,214.14
20210702,36467W109,GME,11302.0,GAMESTOP CORP (HLDG CO) CL A,204.36
20210706,36467W109,GME,4288.0,GAMESTOP CORP (HLDG CO) CL A,202.83
20210707,36467W109,GME,2934.0,GAMESTOP CORP (HLDG CO) CL A,199.56
20210709,36467W109,GME,466.0,GAMESTOP CORP (HLDG CO) CL A,191.38
20210712,36467W109,GME,18240.0,GAMESTOP CORP (HLDG CO) CL A,191.23
20210713,36467W109,GME,1852.0,GAMESTOP CORP (HLDG CO) CL A,189.25
20210714,36467W109,GME,4599.0,GAMESTOP CORP (HLDG CO) CL A,180.06
20210716,36467W109,GME,7971.0,GAMESTOP CORP (HLDG CO) CL A,166.82
20210719,36467W109,GME,9986.0,GAMESTOP CORP (HLDG CO) CL A,169.04
20210720,36467W109,GME,24781.0,GAMESTOP CORP (HLDG CO) CL A,173.49
20210721,36467W109,GME,38351.0,GAMESTOP CORP (HLDG CO) CL A,191.18
20210722,36467W109,GME,33070.0,GAMESTOP CORP (HLDG CO) CL A,185.81
20210723,36467W109,GME,36436.0,GAMESTOP CORP (HLDG CO) CL A,178.85
20210726,36467W109,GME,7907.0,GAMESTOP CORP (HLDG CO) CL A,180.36
20210727,36467W109,GME,25789.0,GAMESTOP CORP (HLDG CO) CL A,183.94
20210728,36467W109,GME,3252.0,GAMESTOP CORP (HLDG CO) CL A,178.54
20210729,36467W109,GME,613.0,GAMESTOP CORP (HLDG CO) CL A,169.12
20210730,36467W109,GME,229665.0,GAMESTOP CORP (HLDG CO) CL A,164.86
20210803,36467W109,GME,3076.0,GAMESTOP CORP (HLDG CO) CL A,157.65
20210804,36467W109,GME,98855.0,GAMESTOP CORP (HLDG CO) CL A,152.75
20210805,36467W109,GME,1316894.0,GAMESTOP CORP (HLDG CO) CL A,146.80
20210806,36467W109,GME,315331.0,GAMESTOP CORP (HLDG CO) CL A,153.44
20210809,36467W109,GME,74406.0,GAMESTOP CORP (HLDG CO) CL A,151.77
20210810,36467W109,GME,74871.0,GAMESTOP CORP (HLDG CO) CL A,161.13
20210811,36467W109,GME,6624.0,GAMESTOP CORP (HLDG CO) CL A,159.05
20210812,36467W109,GME,125.0,GAMESTOP CORP (HLDG CO) CL A,158.78
20210813,36467W109,GME,1227.0,GAMESTOP CORP (HLDG CO) CL A,162.35
20210816,36467W109,GME,22314.0,GAMESTOP CORP (HLDG CO) CL A,162.52
20210817,36467W109,GME,2020.0,GAMESTOP CORP (HLDG CO) CL A,163.93
20210818,36467W109,GME,28465.0,GAMESTOP CORP (HLDG CO) CL A,163.55
20210819,36467W109,GME,15291.0,GAMESTOP CORP (HLDG CO) CL A,157.05
20210820,36467W109,GME,4821.0,GAMESTOP CORP (HLDG CO) CL A,152.90
20210823,36467W109,GME,1723.0,GAMESTOP CORP (HLDG CO) CL A,159.30
20210824,36467W109,GME,7278.0,GAMESTOP CORP (HLDG CO) CL A,164.89
20210825,36467W109,GME,2363.0,GAMESTOP CORP (HLDG CO) CL A,210.29
20210826,36467W109,GME,10983.0,GAMESTOP CORP (HLDG CO) CL A,199.65
20210830,36467W109,GME,21332.0,GAMESTOP CORP (HLDG CO) CL A,204.95
20210831,36467W109,GME,93073.0,GAMESTOP CORP (HLDG CO) CL A,209.20
20210901,36467W109,GME,956.0,GAMESTOP CORP (HLDG CO) CL A,218.24
20210902,36467W109,GME,3330.0,GAMESTOP CORP (HLDG CO) CL A,212.97
20210903,36467W109,GME,14295.0,GAMESTOP CORP (HLDG CO) CL A,213.52
20210907,36467W109,GME,9129.0,GAMESTOP CORP (HLDG CO) CL A,202.75
20210908,36467W109,GME,96.0,GAMESTOP CORP (HLDG CO) CL A,199.00
20210909,36467W109,GME,544.0,GAMESTOP CORP (HLDG CO) CL A,198.80
20210910,36467W109,GME,4836.0,GAMESTOP CORP (HLDG CO) CL A,199.18
20210913,36467W109,GME,3751.0,GAMESTOP CORP (HLDG CO) CL A,190.41
20210914,36467W109,GME,7135.0,GAMESTOP CORP (HLDG CO) CL A,203.40
20210915,36467W109,GME,12865.0,GAMESTOP CORP (HLDG CO) CL A,199.24
20210916,36467W109,GME,3269.0,GAMESTOP CORP (HLDG CO) CL A,204.52
20210917,36467W109,GME,4387.0,GAMESTOP CORP (HLDG CO) CL A,206.37
20210920,36467W109,GME,24628.0,GAMESTOP CORP (HLDG CO) CL A,204.97
20210921,36467W109,GME,347171.0,GAMESTOP CORP (HLDG CO) CL A,192.20
20210922,36467W109,GME,103.0,GAMESTOP CORP (HLDG CO) CL A,189.95
20210923,36467W109,GME,1146.0,GAMESTOP CORP (HLDG CO) CL A,190.14
20210924,36467W109,GME,699.0,GAMESTOP CORP (HLDG CO) CL A,191.24
20210927,36467W109,GME,10819.0,GAMESTOP CORP (HLDG CO) CL A,185.16
20210928,36467W109,GME,4718.0,GAMESTOP CORP (HLDG CO) CL A,189.48
20210929,36467W109,GME,12315.0,GAMESTOP CORP (HLDG CO) CL A,178.60
20210930,36467W109,GME,10206.0,GAMESTOP CORP (HLDG CO) CL A,175.92
20211001,36467W109,GME,11517.0,GAMESTOP CORP (HLDG CO) CL A,175.47
20211004,36467W109,GME,22923.0,GAMESTOP CORP (HLDG CO) CL A,176.91
20211006,36467W109,GME,2419.0,GAMESTOP CORP (HLDG CO) CL A,172.18
20211007,36467W109,GME,1436.0,GAMESTOP CORP (HLDG CO) CL A,171.07
20211008,36467W109,GME,3369.0,GAMESTOP CORP (HLDG CO) CL A,172.12
20211012,36467W109,GME,43995.0,GAMESTOP CORP (HLDG CO) CL A,178.10
20211013,36467W109,GME,213285.0,GAMESTOP CORP (HLDG CO) CL A,175.82
20211014,36467W109,GME,4528.0,GAMESTOP CORP (HLDG CO) CL A,184.06
20211015,36467W109,GME,28804.0,GAMESTOP CORP (HLDG CO) CL A,183.83
20211018,36467W109,GME,54587.0,GAMESTOP CORP (HLDG CO) CL A,183.28
20211019,36467W109,GME,17453.0,GAMESTOP CORP (HLDG CO) CL A,186.02
20211020,36467W109,GME,6907.0,GAMESTOP CORP (HLDG CO) CL A,186.79
20211021,36467W109,GME,18671.0,GAMESTOP CORP (HLDG CO) CL A,184.52
20211022,36467W109,GME,5680.0,GAMESTOP CORP (HLDG CO) CL A,181.71
20211025,36467W109,GME,11251.0,GAMESTOP CORP (HLDG CO) CL A,169.80
20211027,36467W109,GME,67280.0,GAMESTOP CORP (HLDG CO) CL A,177.84
20211028,36467W109,GME,11310.0,GAMESTOP CORP (HLDG CO) CL A,173.51
20211029,36467W109,GME,5592.0,GAMESTOP CORP (HLDG CO) CL A,182.85
20211101,36467W109,GME,17806.0,GAMESTOP CORP (HLDG CO) CL A,183.51
20211102,36467W109,GME,1237.0,GAMESTOP CORP (HLDG CO) CL A,200.09
20211103,36467W109,GME,24816.0,GAMESTOP CORP (HLDG CO) CL A,206.99
20211104,36467W109,GME,29456.0,GAMESTOP CORP (HLDG CO) CL A,218.33
20211105,36467W109,GME,9177.0,GAMESTOP CORP (HLDG CO) CL A,217.84
20211108,36467W109,GME,16954.0,GAMESTOP CORP (HLDG CO) CL A,213.25
20211109,36467W109,GME,18647.0,GAMESTOP CORP (HLDG CO) CL A,218.64
20211110,36467W109,GME,6438.0,GAMESTOP CORP (HLDG CO) CL A,206.60
20211115,36467W109,GME,433.0,GAMESTOP CORP (HLDG CO) CL A,202.10
20211116,36467W109,GME,3016.0,GAMESTOP CORP (HLDG CO) CL A,209.14
20211117,36467W109,GME,54298.0,GAMESTOP CORP (HLDG CO) CL A,207.18
20211118,36467W109,GME,1835.0,GAMESTOP CORP (HLDG CO) CL A,210.00
20211119,36467W109,GME,3351.0,GAMESTOP CORP (HLDG CO) CL A,210.12
20211122,36467W109,GME,10431.0,GAMESTOP CORP (HLDG CO) CL A,228.80
20211123,36467W109,GME,71831.0,GAMESTOP CORP (HLDG CO) CL A,247.55
20211124,36467W109,GME,4339.0,GAMESTOP CORP (HLDG CO) CL A,213.90
20211126,36467W109,GME,427.0,GAMESTOP CORP (HLDG CO) CL A,211.78
20211130,36467W109,GME,1120.0,GAMESTOP CORP (HLDG CO) CL A,202.01
20211203,36467W109,GME,7058.0,GAMESTOP CORP (HLDG CO) CL A,181.56
20211206,36467W109,GME,12942.0,GAMESTOP CORP (HLDG CO) CL A,172.39
20211207,36467W109,GME,122983.0,GAMESTOP CORP (HLDG CO) CL A,167.12
20211208,36467W109,GME,12358.0,GAMESTOP CORP (HLDG CO) CL A,177.81
20211209,36467W109,GME,3935.0,GAMESTOP CORP (HLDG CO) CL A,173.65
20211210,36467W109,GME,2747.0,GAMESTOP CORP (HLDG CO) CL A,155.76
20211213,36467W109,GME,92710.0,GAMESTOP CORP (HLDG CO) CL A,159.01
20211214,36467W109,GME,33405.0,GAMESTOP CORP (HLDG CO) CL A,136.88
20211215,36467W109,GME,39273.0,GAMESTOP CORP (HLDG CO) CL A,147.69
20211216,36467W109,GME,24495.0,GAMESTOP CORP (HLDG CO) CL A,148.59
20211217,36467W109,GME,6867.0,GAMESTOP CORP (HLDG CO) CL A,144.59
20211220,36467W109,GME,7066.0,GAMESTOP CORP (HLDG CO) CL A,155.64
20211221,36467W109,GME,93489.0,GAMESTOP CORP (HLDG CO) CL A,157.14
20211222,36467W109,GME,78177.0,GAMESTOP CORP (HLDG CO) CL A,158.12
20211223,36467W109,GME,7090.0,GAMESTOP CORP (HLDG CO) CL A,154.00
20211227,36467W109,GME,2828.0,GAMESTOP CORP (HLDG CO) CL A,152.14
20211228,36467W109,GME,710.0,GAMESTOP CORP (HLDG CO) CL A,148.31
20211229,36467W109,GME,2518.0,GAMESTOP CORP (HLDG CO) CL A,146.46
20211231,36467W109,GME,145.0,GAMESTOP CORP (HLDG CO) CL A,155.33
20220103,36467W109,GME,18.0,GAMESTOP CORP (HLDG CO) CL A,148.39
20220104,36467W109,GME,1301.0,GAMESTOP CORP (HLDG CO) CL A,152.84
20220105,36467W109,GME,2570.0,GAMESTOP CORP (HLDG CO) CL A,148.91
20220106,36467W109,GME,10460.0,GAMESTOP CORP (HLDG CO) CL A,129.37
20220107,36467W109,GME,180976.0,GAMESTOP CORP (HLDG CO) CL A,131.03
20220110,36467W109,GME,40515.0,GAMESTOP CORP (HLDG CO) CL A,140.62
20220111,36467W109,GME,136408.0,GAMESTOP CORP (HLDG CO) CL A,131.15
20220112,36467W109,GME,712.0,GAMESTOP CORP (HLDG CO) CL A,130.30
20220113,36467W109,GME,143.0,GAMESTOP CORP (HLDG CO) CL A,128.06
20220114,36467W109,GME,1632.0,GAMESTOP CORP (HLDG CO) CL A,122.48
20220119,36467W109,GME,8713.0,GAMESTOP CORP (HLDG CO) CL A,108.91
20220120,36467W109,GME,16658.0,GAMESTOP CORP (HLDG CO) CL A,106.57
20220121,36467W109,GME,28800.0,GAMESTOP CORP (HLDG CO) CL A,102.67
20220124,36467W109,GME,288.0,GAMESTOP CORP (HLDG CO) CL A,106.36
20220125,36467W109,GME,72307.0,GAMESTOP CORP (HLDG CO) CL A,100.15
20220126,36467W109,GME,74430.0,GAMESTOP CORP (HLDG CO) CL A,99.79
20220127,36467W109,GME,34740.0,GAMESTOP CORP (HLDG CO) CL A,103.26
20220128,36467W109,GME,151783.0,GAMESTOP CORP (HLDG CO) CL A,93.52
20220131,36467W109,GME,23708.0,GAMESTOP CORP (HLDG CO) CL A,97.91
20220201,36467W109,GME,14583.0,GAMESTOP CORP (HLDG CO) CL A,108.93
20220202,36467W109,GME,44576.0,GAMESTOP CORP (HLDG CO) CL A,112.60
20220203,36467W109,GME,21286.0,GAMESTOP CORP (HLDG CO) CL A,100.04
20220204,36467W109,GME,25.0,GAMESTOP CORP (HLDG CO) CL A,99.23
20220207,36467W109,GME,3604.0,GAMESTOP CORP (HLDG CO) CL A,102.34
20220208,36467W109,GME,19589.0,GAMESTOP CORP (HLDG CO) CL A,102.34
20220209,36467W109,GME,1638.0,GAMESTOP CORP (HLDG CO) CL A,115.60
20220210,36467W109,GME,55823.0,GAMESTOP CORP (HLDG CO) CL A,124.29
20220211,36467W109,GME,36925.0,GAMESTOP CORP (HLDG CO) CL A,122.47
20220214,36467W109,GME,43467.0,GAMESTOP CORP (HLDG CO) CL A,124.25
20220215,36467W109,GME,55138.0,GAMESTOP CORP (HLDG CO) CL A,117.09
20220216,36467W109,GME,26415.0,GAMESTOP CORP (HLDG CO) CL A,126.16
20220217,36467W109,GME,32448.0,GAMESTOP CORP (HLDG CO) CL A,128.33
20220218,36467W109,GME,53940.0,GAMESTOP CORP (HLDG CO) CL A,123.41
20220222,36467W109,GME,29407.0,GAMESTOP CORP (HLDG CO) CL A,121.53
20220223,36467W109,GME,227302.0,GAMESTOP CORP (HLDG CO) CL A,118.06
20220224,36467W109,GME,15410.0,GAMESTOP CORP (HLDG CO) CL A,114.87
20220225,36467W109,GME,28588.0,GAMESTOP CORP (HLDG CO) CL A,124.58
20220228,36467W109,GME,29688.0,GAMESTOP CORP (HLDG CO) CL A,118.58
20220301,36467W109,GME,17251.0,GAMESTOP CORP (HLDG CO) CL A,123.34
20220302,36467W109,GME,20741.0,GAMESTOP CORP (HLDG CO) CL A,119.02
20220303,36467W109,GME,22304.0,GAMESTOP CORP (HLDG CO) CL A,121.97
20220304,36467W109,GME,8232.0,GAMESTOP CORP (HLDG CO) CL A,118.41
20220307,36467W109,GME,130.0,GAMESTOP CORP (HLDG CO) CL A,111.66
20220308,36467W109,GME,175.0,GAMESTOP CORP (HLDG CO) CL A,99.35
20220309,36467W109,GME,2015.0,GAMESTOP CORP (HLDG CO) CL A,103.01
20220310,36467W109,GME,30489.0,GAMESTOP CORP (HLDG CO) CL A,105.21
20220311,36467W109,GME,18302.0,GAMESTOP CORP (HLDG CO) CL A,100.56
20220314,36467W109,GME,18029.0,GAMESTOP CORP (HLDG CO) CL A,92.69
20220315,36467W109,GME,53408.0,GAMESTOP CORP (HLDG CO) CL A,78.11
20220316,36467W109,GME,2772.0,GAMESTOP CORP (HLDG CO) CL A,82.64
20220317,36467W109,GME,35552.0,GAMESTOP CORP (HLDG CO) CL A,86.86
20220318,36467W109,GME,43802.0,GAMESTOP CORP (HLDG CO) CL A,87.70
20220321,36467W109,GME,124826.0,GAMESTOP CORP (HLDG CO) CL A,90.79
20220322,36467W109,GME,174811.0,GAMESTOP CORP (HLDG CO) CL A,94.20
20220323,36467W109,GME,14839.0,GAMESTOP CORP (HLDG CO) CL A,123.14
20220324,36467W109,GME,84555.0,GAMESTOP CORP (HLDG CO) CL A,141.00
20220325,36467W109,GME,179699.0,GAMESTOP CORP (HLDG CO) CL A,142.39
20220328,36467W109,GME,108574.0,GAMESTOP CORP (HLDG CO) CL A,151.95
20220329,36467W109,GME,28380.0,GAMESTOP CORP (HLDG CO) CL A,189.59
20220330,36467W109,GME,51971.0,GAMESTOP CORP (HLDG CO) CL A,179.90
20220331,36467W109,GME,46919.0,GAMESTOP CORP (HLDG CO) CL A,166.85
20220401,36467W109,GME,28089.0,GAMESTOP CORP (HLDG CO) CL A,166.58
20220404,36467W109,GME,35869.0,GAMESTOP CORP (HLDG CO) CL A,165.00
20220405,36467W109,GME,1514.0,GAMESTOP CORP (HLDG CO) CL A,170.73
20220406,36467W109,GME,51710.0,GAMESTOP CORP (HLDG CO) CL A,153.59
20220407,36467W109,GME,2934.0,GAMESTOP CORP (HLDG CO) CL A,156.64
20220408,36467W109,GME,4714.0,GAMESTOP CORP (HLDG CO) CL A,150.00
20220411,36467W109,GME,33769.0,GAMESTOP CORP (HLDG CO) CL A,146.19
20220412,36467W109,GME,2175.0,GAMESTOP CORP (HLDG CO) CL A,146.93
20220413,36467W109,GME,16672.0,GAMESTOP CORP (HLDG CO) CL A,144.87
20220414,36467W109,GME,37342.0,GAMESTOP CORP (HLDG CO) CL A,150.70
20220418,36467W109,GME,17137.0,GAMESTOP CORP (HLDG CO) CL A,150.77
20220419,36467W109,GME,57681.0,GAMESTOP CORP (HLDG CO) CL A,141.46
20220420,36467W109,GME,17674.0,GAMESTOP CORP (HLDG CO) CL A,152.47
20220421,36467W109,GME,17861.0,GAMESTOP CORP (HLDG CO) CL A,148.85
20220422,36467W109,GME,22057.0,GAMESTOP CORP (HLDG CO) CL A,141.56
20220425,36467W109,GME,49459.0,GAMESTOP CORP (HLDG CO) CL A,138.22
20220426,36467W109,GME,6212.0,GAMESTOP CORP (HLDG CO) CL A,135.95
20220427,36467W109,GME,6504.0,GAMESTOP CORP (HLDG CO) CL A,127.60
20220428,36467W109,GME,4084.0,GAMESTOP CORP (HLDG CO) CL A,129.84
20220429,36467W109,GME,2317.0,GAMESTOP CORP (HLDG CO) CL A,129.31
20220502,36467W109,GME,60.0,GAMESTOP CORP (HLDG CO) CL A,125.07
20220503,36467W109,GME,2494.0,GAMESTOP CORP (HLDG CO) CL A,119.57
20220504,36467W109,GME,39110.0,GAMESTOP CORP (HLDG CO) CL A,120.43
20220505,36467W109,GME,10828.0,GAMESTOP CORP (HLDG CO) CL A,127.08
20220506,36467W109,GME,4411.0,GAMESTOP CORP (HLDG CO) CL A,119.13
20220509,36467W109,GME,25617.0,GAMESTOP CORP (HLDG CO) CL A,114.70
20220510,36467W109,GME,2219.0,GAMESTOP CORP (HLDG CO) CL A,98.79
20220511,36467W109,GME,124436.0,GAMESTOP CORP (HLDG CO) CL A,93.50
20220512,36467W109,GME,8778.0,GAMESTOP CORP (HLDG CO) CL A,81.33
20220513,36467W109,GME,43194.0,GAMESTOP CORP (HLDG CO) CL A,89.57
20220516,36467W109,GME,374889.0,GAMESTOP CORP (HLDG CO) CL A,98.39
20220517,36467W109,GME,62168.0,GAMESTOP CORP (HLDG CO) CL A,91.80
20220518,36467W109,GME,60306.0,GAMESTOP CORP (HLDG CO) CL A,100.38
20220519,36467W109,GME,24954.0,GAMESTOP CORP (HLDG CO) CL A,91.48
20220520,36467W109,GME,20877.0,GAMESTOP CORP (HLDG CO) CL A,99.19
20220523,36467W109,GME,25506.0,GAMESTOP CORP (HLDG CO) CL A,95.66
20220524,36467W109,GME,170797.0,GAMESTOP CORP (HLDG CO) CL A,96.13
20220525,36467W109,GME,33424.0,GAMESTOP CORP (HLDG CO) CL A,89.15
20220526,36467W109,GME,97749.0,GAMESTOP CORP (HLDG CO) CL A,115.17
20220527,36467W109,GME,523209.0,GAMESTOP CORP (HLDG CO) CL A,128.46
20220531,36467W109,GME,744847.0,GAMESTOP CORP (HLDG CO) CL A,137.21
20220601,36467W109,GME,50664.0,GAMESTOP CORP (HLDG CO) CL A,124.74
20220602,36467W109,GME,81445.0,GAMESTOP CORP (HLDG CO) CL A,121.40
20220603,36467W109,GME,306267.0,GAMESTOP CORP (HLDG CO) CL A,134.00
20220606,36467W109,GME,502173.0,GAMESTOP CORP (HLDG CO) CL A,133.70
20220607,36467W109,GME,207561.0,GAMESTOP CORP (HLDG CO) CL A,128.10
20220608,36467W109,GME,120200.0,GAMESTOP CORP (HLDG CO) CL A,146.50
20220609,36467W109,GME,589494.0,GAMESTOP CORP (HLDG CO) CL A,138.73
20220610,36467W109,GME,643323.0,GAMESTOP CORP (HLDG CO) CL A,128.98
20220613,36467W109,GME,673554.0,GAMESTOP CORP (HLDG CO) CL A,129.09
20220614,36467W109,GME,433998.0,GAMESTOP CORP (HLDG CO) CL A,118.25
20220615,36467W109,GME,258840.0,GAMESTOP CORP (HLDG CO) CL A,126.17
20220616,36467W109,GME,135565.0,GAMESTOP CORP (HLDG CO) CL A,129.29
20220617,36467W109,GME,183339.0,GAMESTOP CORP (HLDG CO) CL A,125.73
20220621,36467W109,GME,77044.0,GAMESTOP CORP (HLDG CO) CL A,135.14
20220622,36467W109,GME,136602.0,GAMESTOP CORP (HLDG CO) CL A,140.28
20220623,36467W109,GME,81460.0,GAMESTOP CORP (HLDG CO) CL A,138.46
20220624,36467W109,GME,155252.0,GAMESTOP CORP (HLDG CO) CL A,142.02
20220627,36467W109,GME,178243.0,GAMESTOP CORP (HLDG CO) CL A,135.21
20220628,36467W109,GME,69907.0,GAMESTOP CORP (HLDG CO) CL A,129.69
20220629,36467W109,GME,109380.0,GAMESTOP CORP (HLDG CO) CL A,124.38
20220630,36467W109,GME,113856.0,GAMESTOP CORP (HLDG CO) CL A,122.86
20220701,36467W109,GME,87428.0,GAMESTOP CORP (HLDG CO) CL A,122.30
20220705,36467W109,GME,32642.0,GAMESTOP CORP (HLDG CO) CL A,123.42
20220706,36467W109,GME,16618.0,GAMESTOP CORP (HLDG CO) CL A,120.23
20220707,36467W109,GME,15553.0,GAMESTOP CORP (HLDG CO) CL A,117.43
20220708,36467W109,GME,54420.0,GAMESTOP CORP (HLDG CO) CL A,135.12
20220711,36467W109,GME,94817.0,GAMESTOP CORP (HLDG CO) CL A,128.54
20220712,36467W109,GME,115995.0,GAMESTOP CORP (HLDG CO) CL A,130.09
20220713,36467W109,GME,8987.0,GAMESTOP CORP (HLDG CO) CL A,137.12
20220714,36467W109,GME,226676.0,GAMESTOP CORP (HLDG CO) CL A,141.28
20220715,36467W109,GME,345860.0,GAMESTOP CORP (HLDG CO) CL A,136.20
20220718,36467W109,GME,340437.0,GAMESTOP CORP (HLDG CO) CL A,141.64
20220719,36467W109,GME,150208.0,GAMESTOP CORP (HLDG CO) CL A,146.64
20220720,36467W109,GME,161282.0,GAMESTOP CORP (HLDG CO) CL A,151.70
20220721,36467W109,GME,266632.0,GAMESTOP CORP (HLDG CO) CL A,158.75
20220722,36467W109,GME,276992.0,GAMESTOP CORP (HLDG CO) CL A,153.47
20220725,36467W109,GME,244731.0,GAMESTOP CORP (HLDG CO) CL A,143.12
20220726,36467W109,GME,1637150.0,GAMESTOP CORP (HLDG CO) CL A,33.98
20220727,36467W109,GME,340421.0,GAMESTOP CORP (HLDG CO) CL A,32.43
20220728,36467W109,GME,492809.0,GAMESTOP CORP (HLDG CO) CL A,33.78
20220729,36467W109,GME,96749.0,GAMESTOP CORP (HLDG CO) CL A,33.84
20220801,36467W109,GME,54504.0,GAMESTOP CORP (HLDG CO) CL A,34.01
20220802,36467W109,GME,391123.0,GAMESTOP CORP (HLDG CO) CL A,34.78
20220803,36467W109,GME,83535.0,GAMESTOP CORP (HLDG CO) CL A,35.84
20220804,36467W109,GME,176124.0,GAMESTOP CORP (HLDG CO) CL A,37.93
20220805,36467W109,GME,328412.0,GAMESTOP CORP (HLDG CO) CL A,38.36
20220808,36467W109,GME,73219.0,GAMESTOP CORP (HLDG CO) CL A,40.02
20220809,36467W109,GME,26404.0,GAMESTOP CORP (HLDG CO) CL A,43.45
20220810,36467W109,GME,62664.0,GAMESTOP CORP (HLDG CO) CL A,40.37
20220811,36467W109,GME,20895.0,GAMESTOP CORP (HLDG CO) CL A,40.53
20220812,36467W109,GME,236259.0,GAMESTOP CORP (HLDG CO) CL A,39.45
20220815,36467W109,GME,10418.0,GAMESTOP CORP (HLDG CO) CL A,40.74
20220816,36467W109,GME,21003.0,GAMESTOP CORP (HLDG CO) CL A,39.68
20220817,36467W109,GME,22727.0,GAMESTOP CORP (HLDG CO) CL A,42.19
20220818,36467W109,GME,69932.0,GAMESTOP CORP (HLDG CO) CL A,40.52
20220819,36467W109,GME,20959.0,GAMESTOP CORP (HLDG CO) CL A,37.93
20220822,36467W109,GME,27176.0,GAMESTOP CORP (HLDG CO) CL A,36.49
20220823,36467W109,GME,1.0,GAMESTOP CORP (HLDG CO) CL A,34.50
20220824,36467W109,GME,38532.0,GAMESTOP CORP (HLDG CO) CL A,33.53
20220825,36467W109,GME,163480.0,GAMESTOP CORP (HLDG CO) CL A,32.50
20220826,36467W109,GME,30409.0,GAMESTOP CORP (HLDG CO) CL A,31.96
20220829,36467W109,GME,4674.0,GAMESTOP CORP (HLDG CO) CL A,30.94
20220830,36467W109,GME,17906.0,GAMESTOP CORP (HLDG CO) CL A,31.55
20220831,36467W109,GME,1735.0,GAMESTOP CORP (HLDG CO) CL A,29.84
20220901,36467W109,GME,150913.0,GAMESTOP CORP (HLDG CO) CL A,28.64
20220902,36467W109,GME,64598.0,GAMESTOP CORP (HLDG CO) CL A,27.63
20220906,36467W109,GME,66624.0,GAMESTOP CORP (HLDG CO) CL A,27.36
20220907,36467W109,GME,63387.0,GAMESTOP CORP (HLDG CO) CL A,25.14
20220908,36467W109,GME,106279.0,GAMESTOP CORP (HLDG CO) CL A,24.04
20220909,36467W109,GME,14034.0,GAMESTOP CORP (HLDG CO) CL A,25.83
20220913,36467W109,GME,26228.0,GAMESTOP CORP (HLDG CO) CL A,29.24
20220914,36467W109,GME,43241.0,GAMESTOP CORP (HLDG CO) CL A,27.85
20220915,36467W109,GME,39854.0,GAMESTOP CORP (HLDG CO) CL A,28.13
20220916,36467W109,GME,19134.0,GAMESTOP CORP (HLDG CO) CL A,28.61
20220919,36467W109,GME,34872.0,GAMESTOP CORP (HLDG CO) CL A,28.64
20220920,36467W109,GME,37695.0,GAMESTOP CORP (HLDG CO) CL A,28.96
20220921,36467W109,GME,75.0,GAMESTOP CORP (HLDG CO) CL A,27.54
20220922,36467W109,GME,9081.0,GAMESTOP CORP (HLDG CO) CL A,26.86
20220923,36467W109,GME,8126.0,GAMESTOP CORP (HLDG CO) CL A,24.70
20220926,36467W109,GME,11845.0,GAMESTOP CORP (HLDG CO) CL A,25.04
20220927,36467W109,GME,5447.0,GAMESTOP CORP (HLDG CO) CL A,24.48
20220928,36467W109,GME,40245.0,GAMESTOP CORP (HLDG CO) CL A,26.13
20220929,36467W109,GME,19253.0,GAMESTOP CORP (HLDG CO) CL A,27.31
20220930,36467W109,GME,31108.0,GAMESTOP CORP (HLDG CO) CL A,25.46
20221003,36467W109,GME,36541.0,GAMESTOP CORP (HLDG CO) CL A,25.13
20221004,36467W109,GME,20121.0,GAMESTOP CORP (HLDG CO) CL A,25.38
20221005,36467W109,GME,56405.0,GAMESTOP CORP (HLDG CO) CL A,27.60
20221006,36467W109,GME,82512.0,GAMESTOP CORP (HLDG CO) CL A,26.39
20221007,36467W109,GME,87389.0,GAMESTOP CORP (HLDG CO) CL A,25.99
20221011,36467W109,GME,35963.0,GAMESTOP CORP (HLDG CO) CL A,25.00
20221012,36467W109,GME,4281.0,GAMESTOP CORP (HLDG CO) CL A,25.27
20221013,36467W109,GME,22130.0,GAMESTOP CORP (HLDG CO) CL A,25.36
20221014,36467W109,GME,18556.0,GAMESTOP CORP (HLDG CO) CL A,25.56
20221017,36467W109,GME,40799.0,GAMESTOP CORP (HLDG CO) CL A,24.63
20221018,36467W109,GME,6788.0,GAMESTOP CORP (HLDG CO) CL A,25.96
20221019,36467W109,GME,38955.0,GAMESTOP CORP (HLDG CO) CL A,26.67
20221020,36467W109,GME,28633.0,GAMESTOP CORP (HLDG CO) CL A,24.54
20221021,36467W109,GME,35359.0,GAMESTOP CORP (HLDG CO) CL A,24.41
20221024,36467W109,GME,21207.0,GAMESTOP CORP (HLDG CO) CL A,25.30
20221025,36467W109,GME,5212.0,GAMESTOP CORP (HLDG CO) CL A,24.71
20221027,36467W109,GME,178623.0,GAMESTOP CORP (HLDG CO) CL A,25.42
20221028,36467W109,GME,11345.0,GAMESTOP CORP (HLDG CO) CL A,25.93
20221031,36467W109,GME,3530.0,GAMESTOP CORP (HLDG CO) CL A,28.17
20221101,36467W109,GME,40500.0,GAMESTOP CORP (HLDG CO) CL A,28.31
20221102,36467W109,GME,49719.0,GAMESTOP CORP (HLDG CO) CL A,28.39
20221103,36467W109,GME,13475.0,GAMESTOP CORP (HLDG CO) CL A,26.62
20221104,36467W109,GME,31260.0,GAMESTOP CORP (HLDG CO) CL A,26.29
20221107,36467W109,GME,3003.0,GAMESTOP CORP (HLDG CO) CL A,26.51
20221108,36467W109,GME,258.0,GAMESTOP CORP (HLDG CO) CL A,25.76
20221109,36467W109,GME,888.0,GAMESTOP CORP (HLDG CO) CL A,25.14
20221110,36467W109,GME,18192.0,GAMESTOP CORP (HLDG CO) CL A,23.11
20221114,36467W109,GME,20237.0,GAMESTOP CORP (HLDG CO) CL A,26.10
20221115,36467W109,GME,59399.0,GAMESTOP CORP (HLDG CO) CL A,26.05
20221116,36467W109,GME,601.0,GAMESTOP CORP (HLDG CO) CL A,27.59
20221117,36467W109,GME,28670.0,GAMESTOP CORP (HLDG CO) CL A,27.14
20221118,36467W109,GME,17157.0,GAMESTOP CORP (HLDG CO) CL A,27.76
20221121,36467W109,GME,28296.0,GAMESTOP CORP (HLDG CO) CL A,27.60
20221122,36467W109,GME,146649.0,GAMESTOP CORP (HLDG CO) CL A,25.16
20221123,36467W109,GME,40473.0,GAMESTOP CORP (HLDG CO) CL A,26.30
20221125,36467W109,GME,27959.0,GAMESTOP CORP (HLDG CO) CL A,26.70
20221128,36467W109,GME,44778.0,GAMESTOP CORP (HLDG CO) CL A,26.17
20221129,36467W109,GME,4676.0,GAMESTOP CORP (HLDG CO) CL A,25.29
20221130,36467W109,GME,716.0,GAMESTOP CORP (HLDG CO) CL A,25.60
20221201,36467W109,GME,7996.0,GAMESTOP CORP (HLDG CO) CL A,26.21
20221202,36467W109,GME,1105.0,GAMESTOP CORP (HLDG CO) CL A,26.60
20221205,36467W109,GME,30760.0,GAMESTOP CORP (HLDG CO) CL A,27.52
20221206,36467W109,GME,28469.0,GAMESTOP CORP (HLDG CO) CL A,25.56
20221207,36467W109,GME,2508.0,GAMESTOP CORP (HLDG CO) CL A,23.39
20221209,36467W109,GME,24470.0,GAMESTOP CORP (HLDG CO) CL A,24.79
20221212,36467W109,GME,86502.0,GAMESTOP CORP (HLDG CO) CL A,22.63
20221213,36467W109,GME,34522.0,GAMESTOP CORP (HLDG CO) CL A,22.67
20221214,36467W109,GME,3096.0,GAMESTOP CORP (HLDG CO) CL A,21.00
20221215,36467W109,GME,9819.0,GAMESTOP CORP (HLDG CO) CL A,21.05
20221216,36467W109,GME,27359.0,GAMESTOP CORP (HLDG CO) CL A,20.58
20221219,36467W109,GME,123059.0,GAMESTOP CORP (HLDG CO) CL A,20.80
20221220,36467W109,GME,597420.0,GAMESTOP CORP (HLDG CO) CL A,19.92
20221221,36467W109,GME,305223.0,GAMESTOP CORP (HLDG CO) CL A,20.26
20221222,36467W109,GME,596488.0,GAMESTOP CORP (HLDG CO) CL A,20.56
20221223,36467W109,GME,411456.0,GAMESTOP CORP (HLDG CO) CL A,19.81
20221227,36467W109,GME,132358.0,GAMESTOP CORP (HLDG CO) CL A,20.08
20221228,36467W109,GME,239808.0,GAMESTOP CORP (HLDG CO) CL A,18.20
20221229,36467W109,GME,262826.0,GAMESTOP CORP (HLDG CO) CL A,17.92
20221230,36467W109,GME,101825.0,GAMESTOP CORP (HLDG CO) CL A,18.33
20230103,36467W109,GME,310572.0,GAMESTOP CORP (HLDG CO) CL A,18.46
20230104,36467W109,GME,215679.0,GAMESTOP CORP (HLDG CO) CL A,17.20
20230105,36467W109,GME,164325.0,GAMESTOP CORP (HLDG CO) CL A,17.32
20230106,36467W109,GME,6305.0,GAMESTOP CORP (HLDG CO) CL A,16.22
20230109,36467W109,GME,66520.0,GAMESTOP CORP (HLDG CO) CL A,16.46
20230110,36467W109,GME,28732.0,GAMESTOP CORP (HLDG CO) CL A,16.38
20230111,36467W109,GME,37587.0,GAMESTOP CORP (HLDG CO) CL A,17.77
20230112,36467W109,GME,34980.0,GAMESTOP CORP (HLDG CO) CL A,19.04
20230113,36467W109,GME,26102.0,GAMESTOP CORP (HLDG CO) CL A,20.63
20230117,36467W109,GME,108475.0,GAMESTOP CORP (HLDG CO) CL A,20.49
20230118,36467W109,GME,197495.0,GAMESTOP CORP (HLDG CO) CL A,21.80
20230119,36467W109,GME,268870.0,GAMESTOP CORP (HLDG CO) CL A,20.79
20230120,36467W109,GME,127556.0,GAMESTOP CORP (HLDG CO) CL A,19.04
20230123,36467W109,GME,70432.0,GAMESTOP CORP (HLDG CO) CL A,19.61
20230124,36467W109,GME,102735.0,GAMESTOP CORP (HLDG CO) CL A,21.66
20230125,36467W109,GME,100986.0,GAMESTOP CORP (HLDG CO) CL A,21.40
20230126,36467W109,GME,69337.0,GAMESTOP CORP (HLDG CO) CL A,20.23
20230127,36467W109,GME,167715.0,GAMESTOP CORP (HLDG CO) CL A,20.01
20230130,36467W109,GME,22983.0,GAMESTOP CORP (HLDG CO) CL A,22.82
20230131,36467W109,GME,104164.0,GAMESTOP CORP (HLDG CO) CL A,21.25
20230201,36467W109,GME,43242.0,GAMESTOP CORP (HLDG CO) CL A,21.87
20230202,36467W109,GME,77079.0,GAMESTOP CORP (HLDG CO) CL A,21.83
20230203,36467W109,GME,5852.0,GAMESTOP CORP (HLDG CO) CL A,22.70
20230206,36467W109,GME,167984.0,GAMESTOP CORP (HLDG CO) CL A,22.25
20230207,36467W109,GME,91209.0,GAMESTOP CORP (HLDG CO) CL A,23.86
20230208,36467W109,GME,66290.0,GAMESTOP CORP (HLDG CO) CL A,21.22
20230209,36467W109,GME,241118.0,GAMESTOP CORP (HLDG CO) CL A,21.10
20230213,36467W109,GME,12979.0,GAMESTOP CORP (HLDG CO) CL A,19.27
20230214,36467W109,GME,14177.0,GAMESTOP CORP (HLDG CO) CL A,19.69
20230215,36467W109,GME,36745.0,GAMESTOP CORP (HLDG CO) CL A,19.87
20230216,36467W109,GME,4413.0,GAMESTOP CORP (HLDG CO) CL A,21.80
20230217,36467W109,GME,245596.0,GAMESTOP CORP (HLDG CO) CL A,21.60
20230221,36467W109,GME,20529.0,GAMESTOP CORP (HLDG CO) CL A,21.99
20230222,36467W109,GME,28404.0,GAMESTOP CORP (HLDG CO) CL A,20.66
20230223,36467W109,GME,15877.0,GAMESTOP CORP (HLDG CO) CL A,20.52
20230224,36467W109,GME,23229.0,GAMESTOP CORP (HLDG CO) CL A,20.14
20230302,36467W109,GME,21815.0,GAMESTOP CORP (HLDG CO) CL A,18.15
20230303,36467W109,GME,9935.0,GAMESTOP CORP (HLDG CO) CL A,18.19
20230306,36467W109,GME,919.0,GAMESTOP CORP (HLDG CO) CL A,18.70
20230307,36467W109,GME,22600.0,GAMESTOP CORP (HLDG CO) CL A,18.65
20230308,36467W109,GME,1619.0,GAMESTOP CORP (HLDG CO) CL A,18.06
20230310,36467W109,GME,1789.0,GAMESTOP CORP (HLDG CO) CL A,17.52
20230313,36467W109,GME,1539.0,GAMESTOP CORP (HLDG CO) CL A,17.25
20230314,36467W109,GME,28513.0,GAMESTOP CORP (HLDG CO) CL A,16.75
20230315,36467W109,GME,9756.0,GAMESTOP CORP (HLDG CO) CL A,16.91
20230316,36467W109,GME,183159.0,GAMESTOP CORP (HLDG CO) CL A,15.95
20230317,36467W109,GME,175213.0,GAMESTOP CORP (HLDG CO) CL A,16.76
20230320,36467W109,GME,80666.0,GAMESTOP CORP (HLDG CO) CL A,16.60
20230321,36467W109,GME,139946.0,GAMESTOP CORP (HLDG CO) CL A,16.87
20230322,36467W109,GME,159820.0,GAMESTOP CORP (HLDG CO) CL A,17.65
20230323,36467W109,GME,209129.0,GAMESTOP CORP (HLDG CO) CL A,23.87
20230324,36467W109,GME,624571.0,GAMESTOP CORP (HLDG CO) CL A,22.58
20230327,36467W109,GME,476428.0,GAMESTOP CORP (HLDG CO) CL A,23.98
20230328,36467W109,GME,103297.0,GAMESTOP CORP (HLDG CO) CL A,23.00
20230329,36467W109,GME,137770.0,GAMESTOP CORP (HLDG CO) CL A,23.15
20230330,36467W109,GME,57685.0,GAMESTOP CORP (HLDG CO) CL A,22.46
20230331,36467W109,GME,114870.0,GAMESTOP CORP (HLDG CO) CL A,22.50
20230403,36467W109,GME,175430.0,GAMESTOP CORP (HLDG CO) CL A,23.02
20230404,36467W109,GME,12657.0,GAMESTOP CORP (HLDG CO) CL A,23.17
20230405,36467W109,GME,35767.0,GAMESTOP CORP (HLDG CO) CL A,22.35
20230406,36467W109,GME,9083.0,GAMESTOP CORP (HLDG CO) CL A,22.07
20230410,36467W109,GME,15619.0,GAMESTOP CORP (HLDG CO) CL A,22.40
20230411,36467W109,GME,12667.0,GAMESTOP CORP (HLDG CO) CL A,22.37
20230412,36467W109,GME,86582.0,GAMESTOP CORP (HLDG CO) CL A,22.69
20230413,36467W109,GME,28399.0,GAMESTOP CORP (HLDG CO) CL A,22.26
20230414,36467W109,GME,37712.0,GAMESTOP CORP (HLDG CO) CL A,22.55
20230417,36467W109,GME,4576.0,GAMESTOP CORP (HLDG CO) CL A,22.46
20230418,36467W109,GME,17587.0,GAMESTOP CORP (HLDG CO) CL A,22.28
20230419,36467W109,GME,17345.0,GAMESTOP CORP (HLDG CO) CL A,21.61
20230421,36467W109,GME,149212.0,GAMESTOP CORP (HLDG CO) CL A,20.22
20230424,36467W109,GME,111485.0,GAMESTOP CORP (HLDG CO) CL A,20.49
20230425,36467W109,GME,49156.0,GAMESTOP CORP (HLDG CO) CL A,19.93
20230426,36467W109,GME,26693.0,GAMESTOP CORP (HLDG CO) CL A,19.00
20230427,36467W109,GME,5.0,GAMESTOP CORP (HLDG CO) CL A,18.65
20230428,36467W109,GME,40.0,GAMESTOP CORP (HLDG CO) CL A,18.94
20230501,36467W109,GME,5257.0,GAMESTOP CORP (HLDG CO) CL A,19.29
20230502,36467W109,GME,17122.0,GAMESTOP CORP (HLDG CO) CL A,18.55
20230503,36467W109,GME,2646.0,GAMESTOP CORP (HLDG CO) CL A,18.58
20230504,36467W109,GME,64280.0,GAMESTOP CORP (HLDG CO) CL A,18.90
20230505,36467W109,GME,17071.0,GAMESTOP CORP (HLDG CO) CL A,19.35
20230508,36467W109,GME,30434.0,GAMESTOP CORP (HLDG CO) CL A,20.42
20230509,36467W109,GME,75872.0,GAMESTOP CORP (HLDG CO) CL A,20.51
20230510,36467W109,GME,132481.0,GAMESTOP CORP (HLDG CO) CL A,20.24
20230511,36467W109,GME,38843.0,GAMESTOP CORP (HLDG CO) CL A,20.76
20230512,36467W109,GME,17127.0,GAMESTOP CORP (HLDG CO) CL A,20.88
20230515,36467W109,GME,28621.0,GAMESTOP CORP (HLDG CO) CL A,20.69
20230516,36467W109,GME,88291.0,GAMESTOP CORP (HLDG CO) CL A,21.62
20230517,36467W109,GME,5263.0,GAMESTOP CORP (HLDG CO) CL A,21.99
20230518,36467W109,GME,35760.0,GAMESTOP CORP (HLDG CO) CL A,22.87
20230519,36467W109,GME,22247.0,GAMESTOP CORP (HLDG CO) CL A,23.05
20230522,36467W109,GME,11366.0,GAMESTOP CORP (HLDG CO) CL A,22.06
20230523,36467W109,GME,16528.0,GAMESTOP CORP (HLDG CO) CL A,24.21
20230524,36467W109,GME,67596.0,GAMESTOP CORP (HLDG CO) CL A,23.16
20230525,36467W109,GME,11050.0,GAMESTOP CORP (HLDG CO) CL A,23.27
20230526,36467W109,GME,175.0,GAMESTOP CORP (HLDG CO) CL A,23.35
20230531,36467W109,GME,23933.0,GAMESTOP CORP (HLDG CO) CL A,24.57
20230601,36467W109,GME,53080.0,GAMESTOP CORP (HLDG CO) CL A,24.05
20230605,36467W109,GME,11.0,GAMESTOP CORP (HLDG CO) CL A,24.64
20230606,36467W109,GME,57640.0,GAMESTOP CORP (HLDG CO) CL A,24.31
20230607,36467W109,GME,731.0,GAMESTOP CORP (HLDG CO) CL A,24.69
20230608,36467W109,GME,76320.0,GAMESTOP CORP (HLDG CO) CL A,26.11
20230609,36467W109,GME,338582.0,GAMESTOP CORP (HLDG CO) CL A,21.44
20230612,36467W109,GME,121618.0,GAMESTOP CORP (HLDG CO) CL A,22.68
20230613,36467W109,GME,14245.0,GAMESTOP CORP (HLDG CO) CL A,24.30
20230614,36467W109,GME,121198.0,GAMESTOP CORP (HLDG CO) CL A,26.95
20230615,36467W109,GME,152963.0,GAMESTOP CORP (HLDG CO) CL A,25.70
20230616,36467W109,GME,6200.0,GAMESTOP CORP (HLDG CO) CL A,24.84
20230620,36467W109,GME,37343.0,GAMESTOP CORP (HLDG CO) CL A,24.56
20230621,36467W109,GME,322377.0,GAMESTOP CORP (HLDG CO) CL A,24.58
20230622,36467W109,GME,37704.0,GAMESTOP CORP (HLDG CO) CL A,24.43
20230623,36467W109,GME,52706.0,GAMESTOP CORP (HLDG CO) CL A,24.32
20230626,36467W109,GME,7134.0,GAMESTOP CORP (HLDG CO) CL A,23.70
20230627,36467W109,GME,15489.0,GAMESTOP CORP (HLDG CO) CL A,23.02
20230628,36467W109,GME,1040.0,GAMESTOP CORP (HLDG CO) CL A,23.58
20230630,36467W109,GME,68260.0,GAMESTOP CORP (HLDG CO) CL A,24.90
20230703,36467W109,GME,55386.0,GAMESTOP CORP (HLDG CO) CL A,24.25
20230705,36467W109,GME,7534.0,GAMESTOP CORP (HLDG CO) CL A,24.91
20230706,36467W109,GME,773.0,GAMESTOP CORP (HLDG CO) CL A,23.90
20230707,36467W109,GME,11717.0,GAMESTOP CORP (HLDG CO) CL A,22.83
20230710,36467W109,GME,5643.0,GAMESTOP CORP (HLDG CO) CL A,22.71
20230711,36467W109,GME,147.0,GAMESTOP CORP (HLDG CO) CL A,23.54
20230712,36467W109,GME,14084.0,GAMESTOP CORP (HLDG CO) CL A,23.91
20230713,36467W109,GME,20882.0,GAMESTOP CORP (HLDG CO) CL A,23.44
20230714,36467W109,GME,8274.0,GAMESTOP CORP (HLDG CO) CL A,23.46
20230717,36467W109,GME,1491.0,GAMESTOP CORP (HLDG CO) CL A,22.97
20230718,36467W109,GME,12233.0,GAMESTOP CORP (HLDG CO) CL A,22.82
20230719,36467W109,GME,63324.0,GAMESTOP CORP (HLDG CO) CL A,23.08
20230720,36467W109,GME,31830.0,GAMESTOP CORP (HLDG CO) CL A,23.17
20230721,36467W109,GME,1851.0,GAMESTOP CORP (HLDG CO) CL A,22.91
20230724,36467W109,GME,7654.0,GAMESTOP CORP (HLDG CO) CL A,22.18
20230725,36467W109,GME,1859.0,GAMESTOP CORP (HLDG CO) CL A,23.04
20230726,36467W109,GME,702.0,GAMESTOP CORP (HLDG CO) CL A,22.85
20230727,36467W109,GME,23003.0,GAMESTOP CORP (HLDG CO) CL A,22.70
20230728,36467W109,GME,4677.0,GAMESTOP CORP (HLDG CO) CL A,22.22
20230731,36467W109,GME,2796.0,GAMESTOP CORP (HLDG CO) CL A,21.93
20230801,36467W109,GME,151.0,GAMESTOP CORP (HLDG CO) CL A,22.20
20230802,36467W109,GME,4484.0,GAMESTOP CORP (HLDG CO) CL A,21.50
20230803,36467W109,GME,2085.0,GAMESTOP CORP (HLDG CO) CL A,20.83
20230804,36467W109,GME,3717.0,GAMESTOP CORP (HLDG CO) CL A,20.93
20230807,36467W109,GME,8580.0,GAMESTOP CORP (HLDG CO) CL A,20.98
20230808,36467W109,GME,7401.0,GAMESTOP CORP (HLDG CO) CL A,21.07
20230809,36467W109,GME,6662.0,GAMESTOP CORP (HLDG CO) CL A,20.74
20230810,36467W109,GME,778.0,GAMESTOP CORP (HLDG CO) CL A,19.93
20230811,36467W109,GME,7373.0,GAMESTOP CORP (HLDG CO) CL A,20.19
20230814,36467W109,GME,2753.0,GAMESTOP CORP (HLDG CO) CL A,20.19
20230815,36467W109,GME,204.0,GAMESTOP CORP (HLDG CO) CL A,19.96
20230816,36467W109,GME,353482.0,GAMESTOP CORP (HLDG CO) CL A,19.33
20230817,36467W109,GME,490.0,GAMESTOP CORP (HLDG CO) CL A,18.59
20230821,36467W109,GME,140815.0,GAMESTOP CORP (HLDG CO) CL A,18.36
20230822,36467W109,GME,82901.0,GAMESTOP CORP (HLDG CO) CL A,18.48
20230823,36467W109,GME,11072.0,GAMESTOP CORP (HLDG CO) CL A,17.26
20230824,36467W109,GME,3650.0,GAMESTOP CORP (HLDG CO) CL A,16.89
20230825,36467W109,GME,5283.0,GAMESTOP CORP (HLDG CO) CL A,16.36
20230828,36467W109,GME,7226.0,GAMESTOP CORP (HLDG CO) CL A,17.13
20230829,36467W109,GME,31.0,GAMESTOP CORP (HLDG CO) CL A,17.57
20230830,36467W109,GME,450.0,GAMESTOP CORP (HLDG CO) CL A,18.24
20230915,36467W109,GME,23687.0,GAMESTOP CORP (HLDG CO) CL A,18.33
20230918,36467W109,GME,35645.0,GAMESTOP CORP (HLDG CO) CL A,18.22
20230919,36467W109,GME,520767.0,GAMESTOP CORP (HLDG CO) CL A,17.55
20230920,36467W109,GME,4914.0,GAMESTOP CORP (HLDG CO) CL A,17.52
20230922,36467W109,GME,5160.0,GAMESTOP CORP (HLDG CO) CL A,17.02
20230925,36467W109,GME,243.0,GAMESTOP CORP (HLDG CO) CL A,17.18
20230926,36467W109,GME,5744.0,GAMESTOP CORP (HLDG CO) CL A,17.67
20230927,36467W109,GME,20928.0,GAMESTOP CORP (HLDG CO) CL A,16.78
20230928,36467W109,GME,10484.0,GAMESTOP CORP (HLDG CO) CL A,17.15
20230929,36467W109,GME,1895.0,GAMESTOP CORP (HLDG CO) CL A,16.84
20231003,36467W109,GME,1671.0,GAMESTOP CORP (HLDG CO) CL A,15.39
20231004,36467W109,GME,5782.0,GAMESTOP CORP (HLDG CO) CL A,14.60
20231010,36467W109,GME,29950.0,GAMESTOP CORP (HLDG CO) CL A,15.40
20231011,36467W109,GME,22197.0,GAMESTOP CORP (HLDG CO) CL A,16.00
20231012,36467W109,GME,14792.0,GAMESTOP CORP (HLDG CO) CL A,15.82
20231016,36467W109,GME,2474.0,GAMESTOP CORP (HLDG CO) CL A,14.92
20231017,36467W109,GME,591.0,GAMESTOP CORP (HLDG CO) CL A,14.43
20231020,36467W109,GME,8.0,GAMESTOP CORP (HLDG CO) CL A,13.16
20231023,36467W109,GME,14051.0,GAMESTOP CORP (HLDG CO) CL A,13.44
20231025,36467W109,GME,6076.0,GAMESTOP CORP (HLDG CO) CL A,14.04
20231026,36467W109,GME,8389.0,GAMESTOP CORP (HLDG CO) CL A,13.71
20231027,36467W109,GME,1046.0,GAMESTOP CORP (HLDG CO) CL A,13.50
20231030,36467W109,GME,45814.0,GAMESTOP CORP (HLDG CO) CL A,13.12
20231031,36467W109,GME,69021.0,GAMESTOP CORP (HLDG CO) CL A,12.80
20231102,36467W109,GME,20290.0,GAMESTOP CORP (HLDG CO) CL A,13.01
20231106,36467W109,GME,8189.0,GAMESTOP CORP (HLDG CO) CL A,13.87
20231107,36467W109,GME,9279.0,GAMESTOP CORP (HLDG CO) CL A,13.53
20231108,36467W109,GME,941.0,GAMESTOP CORP (HLDG CO) CL A,13.64
20231109,36467W109,GME,1407.0,GAMESTOP CORP (HLDG CO) CL A,13.28
20231110,36467W109,GME,3031.0,GAMESTOP CORP (HLDG CO) CL A,12.70
20231113,36467W109,GME,15308.0,GAMESTOP CORP (HLDG CO) CL A,12.54
20231114,36467W109,GME,8018.0,GAMESTOP CORP (HLDG CO) CL A,12.14
20231115,36467W109,GME,2555.0,GAMESTOP CORP (HLDG CO) CL A,12.90
20231116,36467W109,GME,16803.0,GAMESTOP CORP (HLDG CO) CL A,13.27
20231117,36467W109,GME,190213.0,GAMESTOP CORP (HLDG CO) CL A,12.53
20231120,36467W109,GME,8.0,GAMESTOP CORP (HLDG CO) CL A,13.03
20231121,36467W109,GME,7551.0,GAMESTOP CORP (HLDG CO) CL A,12.80
20231122,36467W109,GME,4147.0,GAMESTOP CORP (HLDG CO) CL A,12.55
20231124,36467W109,GME,16113.0,GAMESTOP CORP (HLDG CO) CL A,12.29
20231128,36467W109,GME,5240.0,GAMESTOP CORP (HLDG CO) CL A,11.91
20231129,36467W109,GME,3280.0,GAMESTOP CORP (HLDG CO) CL A,13.49
20231130,36467W109,GME,263152.0,GAMESTOP CORP (HLDG CO) CL A,16.25
20231201,36467W109,GME,5316.0,GAMESTOP CORP (HLDG CO) CL A,14.55
20231204,36467W109,GME,174645.0,GAMESTOP CORP (HLDG CO) CL A,15.30
20231205,36467W109,GME,112656.0,GAMESTOP CORP (HLDG CO) CL A,16.98
20231206,36467W109,GME,187960.0,GAMESTOP CORP (HLDG CO) CL A,14.91
20231207,36467W109,GME,434914.0,GAMESTOP CORP (HLDG CO) CL A,14.84
20231208,36467W109,GME,244264.0,GAMESTOP CORP (HLDG CO) CL A,16.36
20231211,36467W109,GME,38034.0,GAMESTOP CORP (HLDG CO) CL A,15.55
20231212,36467W109,GME,7723.0,GAMESTOP CORP (HLDG CO) CL A,15.07
20231213,36467W109,GME,4642.0,GAMESTOP CORP (HLDG CO) CL A,15.22
20231214,36467W109,GME,56615.0,GAMESTOP CORP (HLDG CO) CL A,16.69
20231215,36467W109,GME,15764.0,GAMESTOP CORP (HLDG CO) CL A,17.44
20231218,36467W109,GME,84932.0,GAMESTOP CORP (HLDG CO) CL A,17.26
20231219,36467W109,GME,279952.0,GAMESTOP CORP (HLDG CO) CL A,17.86
20231220,36467W109,GME,92685.0,GAMESTOP CORP (HLDG CO) CL A,17.72
20231221,36467W109,GME,106255.0,GAMESTOP CORP (HLDG CO) CL A,16.93
20231222,36467W109,GME,99921.0,GAMESTOP CORP (HLDG CO) CL A,16.98
20231226,36467W109,GME,81168.0,GAMESTOP CORP (HLDG CO) CL A,16.97
20231227,36467W109,GME,4640.0,GAMESTOP CORP (HLDG CO) CL A,17.36
20231228,36467W109,GME,38622.0,GAMESTOP CORP (HLDG CO) CL A,18.37
20231229,36467W109,GME,33326.0,GAMESTOP CORP (HLDG CO) CL A,18.07
20240102,36467W109,GME,8342.0,GAMESTOP CORP (HLDG CO) CL A,17.53
20240103,36467W109,GME,12576.0,GAMESTOP CORP (HLDG CO) CL A,16.67
20240104,36467W109,GME,17857.0,GAMESTOP CORP (HLDG CO) CL A,16.69
20240105,36467W109,GME,5869.0,GAMESTOP CORP (HLDG CO) CL A,16.36
20240108,36467W109,GME,78626.0,GAMESTOP CORP (HLDG CO) CL A,15.96
20240109,36467W109,GME,100909.0,GAMESTOP CORP (HLDG CO) CL A,15.79
20240110,36467W109,GME,6306.0,GAMESTOP CORP (HLDG CO) CL A,15.16
20240111,36467W109,GME,50371.0,GAMESTOP CORP (HLDG CO) CL A,15.73
20240112,36467W109,GME,9035.0,GAMESTOP CORP (HLDG CO) CL A,15.25
20240116,36467W109,GME,7631.0,GAMESTOP CORP (HLDG CO) CL A,14.75
20240117,36467W109,GME,38557.0,GAMESTOP CORP (HLDG CO) CL A,13.98
20240118,36467W109,GME,7264.0,GAMESTOP CORP (HLDG CO) CL A,14.08
20240119,36467W109,GME,484.0,GAMESTOP CORP (HLDG CO) CL A,14.29
20240122,36467W109,GME,23946.0,GAMESTOP CORP (HLDG CO) CL A,14.51
20240123,36467W109,GME,56227.0,GAMESTOP CORP (HLDG CO) CL A,14.90
20240124,36467W109,GME,181982.0,GAMESTOP CORP (HLDG CO) CL A,14.18
20240125,36467W109,GME,45448.0,GAMESTOP CORP (HLDG CO) CL A,13.95
20240126,36467W109,GME,67953.0,GAMESTOP CORP (HLDG CO) CL A,14.52
20240129,36467W109,GME,13468.0,GAMESTOP CORP (HLDG CO) CL A,14.49
20240130,36467W109,GME,17569.0,GAMESTOP CORP (HLDG CO) CL A,14.78
20240131,36467W109,GME,23469.0,GAMESTOP CORP (HLDG CO) CL A,14.55
20240201,36467W109,GME,7656.0,GAMESTOP CORP (HLDG CO) CL A,14.23
20240206,36467W109,GME,32790.0,GAMESTOP CORP (HLDG CO) CL A,13.46
20240207,36467W109,GME,47036.0,GAMESTOP CORP (HLDG CO) CL A,14.10
20240208,36467W109,GME,30679.0,GAMESTOP CORP (HLDG CO) CL A,14.07
20240209,36467W109,GME,4808.0,GAMESTOP CORP (HLDG CO) CL A,14.35
20240212,36467W109,GME,632.0,GAMESTOP CORP (HLDG CO) CL A,14.66
20240213,36467W109,GME,1905.0,GAMESTOP CORP (HLDG CO) CL A,14.73
20240214,36467W109,GME,14595.0,GAMESTOP CORP (HLDG CO) CL A,14.17
20240215,36467W109,GME,1500.0,GAMESTOP CORP (HLDG CO) CL A,14.41
20240216,36467W109,GME,27576.0,GAMESTOP CORP (HLDG CO) CL A,14.51
20240220,36467W109,GME,34417.0,GAMESTOP CORP (HLDG CO) CL A,14.12
20240221,36467W109,GME,8873.0,GAMESTOP CORP (HLDG CO) CL A,13.49
20240222,36467W109,GME,199.0,GAMESTOP CORP (HLDG CO) CL A,13.41
20240223,36467W109,GME,270.0,GAMESTOP CORP (HLDG CO) CL A,13.36
20240226,36467W109,GME,4813.0,GAMESTOP CORP (HLDG CO) CL A,13.51
20240227,36467W109,GME,42387.0,GAMESTOP CORP (HLDG CO) CL A,13.68
20240229,36467W109,GME,8796.0,GAMESTOP CORP (HLDG CO) CL A,14.24
20240301,36467W109,GME,9169.0,GAMESTOP CORP (HLDG CO) CL A,14.27
20240305,36467W109,GME,17203.0,GAMESTOP CORP (HLDG CO) CL A,15.22
20240306,36467W109,GME,1621.0,GAMESTOP CORP (HLDG CO) CL A,15.00
20240307,36467W109,GME,9912.0,GAMESTOP CORP (HLDG CO) CL A,15.26
20240308,36467W109,GME,5019.0,GAMESTOP CORP (HLDG CO) CL A,15.26
20240311,36467W109,GME,3502.0,GAMESTOP CORP (HLDG CO) CL A,14.65
20240313,36467W109,GME,57.0,GAMESTOP CORP (HLDG CO) CL A,14.72
20240314,36467W109,GME,10118.0,GAMESTOP CORP (HLDG CO) CL A,14.87
20240315,36467W109,GME,7851.0,GAMESTOP CORP (HLDG CO) CL A,14.63
20240318,36467W109,GME,13511.0,GAMESTOP CORP (HLDG CO) CL A,14.24
20240319,36467W109,GME,58417.0,GAMESTOP CORP (HLDG CO) CL A,13.91
20240320,36467W109,GME,158.0,GAMESTOP CORP (HLDG CO) CL A,13.41
20240321,36467W109,GME,7.0,GAMESTOP CORP (HLDG CO) CL A,13.48
20240325,36467W109,GME,1385.0,GAMESTOP CORP (HLDG CO) CL A,13.10
20240326,36467W109,GME,2736.0,GAMESTOP CORP (HLDG CO) CL A,15.12
20240327,36467W109,GME,37681.0,GAMESTOP CORP (HLDG CO) CL A,15.50
20240328,36467W109,GME,360290.0,GAMESTOP CORP (HLDG CO) CL A,13.17
20240402,36467W109,GME,214199.0,GAMESTOP CORP (HLDG CO) CL A,11.99
20240403,36467W109,GME,155.0,GAMESTOP CORP (HLDG CO) CL A,11.28
20240404,36467W109,GME,240.0,GAMESTOP CORP (HLDG CO) CL A,11.38
20240405,36467W109,GME,122793.0,GAMESTOP CORP (HLDG CO) CL A,11.53
20240408,36467W109,GME,57317.0,GAMESTOP CORP (HLDG CO) CL A,11.25
20240409,36467W109,GME,95371.0,GAMESTOP CORP (HLDG CO) CL A,10.83
20240410,36467W109,GME,68011.0,GAMESTOP CORP (HLDG CO) CL A,11.01
20240411,36467W109,GME,152169.0,GAMESTOP CORP (HLDG CO) CL A,10.85
20240412,36467W109,GME,44718.0,GAMESTOP CORP (HLDG CO) CL A,11.29
20240415,36467W109,GME,51674.0,GAMESTOP CORP (HLDG CO) CL A,10.77
20240416,36467W109,GME,23127.0,GAMESTOP CORP (HLDG CO) CL A,10.06
20240417,36467W109,GME,80587.0,GAMESTOP CORP (HLDG CO) CL A,10.37
20240418,36467W109,GME,15066.0,GAMESTOP CORP (HLDG CO) CL A,10.30
20240419,36467W109,GME,14164.0,GAMESTOP CORP (HLDG CO) CL A,10.31
20240422,36467W109,GME,3306.0,GAMESTOP CORP (HLDG CO) CL A,10.42
20240423,36467W109,GME,2303.0,GAMESTOP CORP (HLDG CO) CL A,10.01
20240424,36467W109,GME,1267.0,GAMESTOP CORP (HLDG CO) CL A,10.16
20240425,36467W109,GME,102.0,GAMESTOP CORP (HLDG CO) CL A,10.93
20240426,36467W109,GME,866.0,GAMESTOP CORP (HLDG CO) CL A,11.21
20240429,36467W109,GME,17862.0,GAMESTOP CORP (HLDG CO) CL A,11.90
20240430,36467W109,GME,75357.0,GAMESTOP CORP (HLDG CO) CL A,11.29
20240501,36467W109,GME,8167.0,GAMESTOP CORP (HLDG CO) CL A,11.09
20240502,36467W109,GME,6793.0,GAMESTOP CORP (HLDG CO) CL A,10.91
20240503,36467W109,GME,941.0,GAMESTOP CORP (HLDG CO) CL A,12.76
20240506,36467W109,GME,186627.0,GAMESTOP CORP (HLDG CO) CL A,16.47
20240507,36467W109,GME,433054.0,GAMESTOP CORP (HLDG CO) CL A,16.31
20240508,36467W109,GME,525493.0,GAMESTOP CORP (HLDG CO) CL A,16.31
20240509,36467W109,GME,366850.0,GAMESTOP CORP (HLDG CO) CL A,15.92
20240510,36467W109,GME,223129.0,GAMESTOP CORP (HLDG CO) CL A,18.01
20240513,36467W109,GME,152482.0,GAMESTOP CORP (HLDG CO) CL A,17.46
20240514,36467W109,GME,344501.0,GAMESTOP CORP (HLDG CO) CL A,30.45
20240515,36467W109,GME,571602.0,GAMESTOP CORP (HLDG CO) CL A,48.75
20240516,36467W109,GME,22407.0,GAMESTOP CORP (HLDG CO) CL A,39.55
20240517,36467W109,GME,82732.0,GAMESTOP CORP (HLDG CO) CL A,27.67
20240520,36467W109,GME,1143.0,GAMESTOP CORP (HLDG CO) CL A,22.21
20240521,36467W109,GME,51196.0,GAMESTOP CORP (HLDG CO) CL A,23.14
20240522,36467W109,GME,160.0,GAMESTOP CORP (HLDG CO) CL A,22.12
20240523,36467W109,GME,55.0,GAMESTOP CORP (HLDG CO) CL A,21.12
20240528,36467W109,GME,211603.0,GAMESTOP CORP (HLDG CO) CL A,19.00
20240529,36467W109,GME,7425.0,GAMESTOP CORP (HLDG CO) CL A,23.78
20240531,36467W109,GME,9629.0,GAMESTOP CORP (HLDG CO) CL A,22.61
20240603,36467W109,GME,135641.0,GAMESTOP CORP (HLDG CO) CL A,23.14
20240604,36467W109,GME,35959.0,GAMESTOP CORP (HLDG CO) CL A,28.00
20240605,36467W109,GME,92853.0,GAMESTOP CORP (HLDG CO) CL A,26.50
20240606,36467W109,GME,276.0,GAMESTOP CORP (HLDG CO) CL A,31.57
20240607,36467W109,GME,242827.0,GAMESTOP CORP (HLDG CO) CL A,46.55
20240610,36467W109,GME,74712.0,GAMESTOP CORP (HLDG CO) CL A,28.22
20240613,36467W109,GME,352476.0,GAMESTOP CORP (HLDG CO) CL A,25.46
20240614,36467W109,GME,4142.0,GAMESTOP CORP (HLDG CO) CL A,29.12
20220418,36467W109,GME,17137.0,GAMESTOP CORP (HLDG CO) CL A,150.77
20220419,36467W109,GME,57681.0,GAMESTOP CORP (HLDG CO) CL A,141.46
20220420,36467W109,GME,17674.0,GAMESTOP CORP (HLDG CO) CL A,152.47
20220421,36467W109,GME,17861.0,GAMESTOP CORP (HLDG CO) CL A,148.85
20220422,36467W109,GME,22057.0,GAMESTOP CORP (HLDG CO) CL A,141.56
20220425,36467W109,GME,49459.0,GAMESTOP CORP (HLDG CO) CL A,138.22
20220426,36467W109,GME,6212.0,GAMESTOP CORP (HLDG CO) CL A,135.95
20220427,36467W109,GME,6504.0,GAMESTOP CORP (HLDG CO) CL A,127.60
20220428,36467W109,GME,4084.0,GAMESTOP CORP (HLDG CO) CL A,129.84
20220429,36467W109,GME,2317.0,GAMESTOP CORP (HLDG CO) CL A,129.31
